-- --------------------------------------------------------
-- Хост:                         79.137.248.83
-- Версия сервера:               5.5.68-MariaDB - MariaDB Server
-- Операционная система:         Linux
-- HeidiSQL Версия:              12.4.0.6659
-- --------------------------------------------------------

/*!40101 SET @OLD_CHARACTER_SET_CLIENT=@@CHARACTER_SET_CLIENT */;
/*!40101 SET NAMES utf8 */;
/*!50503 SET NAMES utf8mb4 */;
/*!40103 SET @OLD_TIME_ZONE=@@TIME_ZONE */;
/*!40103 SET TIME_ZONE='+00:00' */;
/*!40014 SET @OLD_FOREIGN_KEY_CHECKS=@@FOREIGN_KEY_CHECKS, FOREIGN_KEY_CHECKS=0 */;
/*!40101 SET @OLD_SQL_MODE=@@SQL_MODE, SQL_MODE='NO_AUTO_VALUE_ON_ZERO' */;
/*!40111 SET @OLD_SQL_NOTES=@@SQL_NOTES, SQL_NOTES=0 */;

-- Дамп данных таблицы billmgr.datacenter: ~1 rows (приблизительно)
DELETE FROM `datacenter`;
INSERT INTO `datacenter` (`id`, `orderpriority`, `name`, `external_id`, `name_lt`, `name_ru`, `name_ua`) VALUES
	(1, 1, 'aeza', NULL, NULL, 'aeza', NULL);

INSERT INTO `itemtype` (`id`, `orderpriority`, `name`, `intname`, `embedded`, `parent`, `itemname`, `show_addon_image`, `orderimage`, `orderview`, `trial`, `day`, `monthly`, `quarterly`, `semiannual`, `annually`, `biennial`, `triennial`, `quadrennial`, `quinquennial`, `decennial`, `lifetime`, `transfer`, `trialtype`, `suspendperiod`, `splitexpense`, `need_processing`, `nostopholidays`, `closetype`, `closesubtype`, `statparam`, `open_duration_limit`, `listimage`, `showoninfo`, `paramgroup`, `description`, `name_lt`, `name_ru`, `name_ua`, `description_lt`, `description_ru`, `description_ua`) VALUES
	(133, 18, 'VDS', 'vds-aeza', 'off', NULL, NULL, 'on', NULL, 0, 'off', 'off', 'on', 'off', 'off', 'off', 'off', 'off', 'off', 'off', 'off', 'off', 'off', 0, NULL, 'on', 'on', 'on', 0, 0, NULL, 10, NULL, 'off', NULL, '', NULL, 'VDS', NULL, NULL, '', NULL),
	(134, 1, 'product', 'product', 'off', 133, NULL, 'off', NULL, 0, 'off', 'off', 'off', 'off', 'off', 'off', 'off', 'off', 'off', 'off', 'off', 'off', 'off', 0, NULL, 'off', 'on', 'off', 0, 0, NULL, NULL, NULL, 'off', NULL, '', NULL, 'product', NULL, NULL, '', NULL);

-- Дамп данных таблицы billmgr.itemtype2project: ~2 rows (приблизительно)
INSERT INTO `itemtype2project` (`itemtype`, `project`, `menu`, `menu_lt`, `menu_ru`, `menu_ua`) VALUES
	(133, 2, 'VDS', NULL, 'VDS', NULL);

-- Дамп данных таблицы billmgr.itemtypeorderreference: ~1 rows (приблизительно)
INSERT INTO `itemtypeorderreference` (`pricelist`, `itemtype`) VALUES
	(18, 133);

-- Дамп данных таблицы billmgr.itemtypeparam: ~90 rows (приблизительно)
DELETE FROM `itemtypeparam`;
INSERT INTO `itemtypeparam` (`id`, `orderpriority`, `intname`, `embedded`, `itemtype`, `ordervisible`, `openvisible`, `editvisible`, `editwritelevel`, `editreadlevel`, `inputtype`, `inputrows`, `inputlength`, `validator`, `name`, `check_range`, `default_value`, `hint`, `info`, `required`, `zoom`, `needmodulecheck`, `needsetparam`, `crypted`, `tune_pricelists`, `paramgroup`, `selecttype`, `nogroupedit`, `listvisible`, `description`, `name_lt`, `name_ru`, `name_ua`, `hint_lt`, `hint_ru`, `hint_ua`, `info_lt`, `info_ru`, `info_ua`, `description_lt`, `description_ru`, `description_ua`) VALUES
	(1, 1, 'vdcname', 'on', 1, 'on', 'on', 'on', 29, 16, 0, NULL, 64, NULL, 'VDC name ', NULL, NULL, 'Virtual data-center name', '', 'off', 'off', 'off', 'off', 'off', 'off', NULL, 'dropdown', 'off', 'off', '', 'VDC name ', 'Имя виртуального дата-центра', 'Ім\'я організації', 'Virtual data-center name', 'Имя виртуального дата-центра', 'Virtual data-center name', '', '', '', '', '', ''),
	(2, 2, 'username', 'on', 1, 'off', 'on', 'on', 29, 16, 0, NULL, NULL, '', 'Username', NULL, NULL, 'Username', '', 'off', 'off', 'off', 'off', 'off', 'off', NULL, 'dropdown', 'off', 'off', '', 'Vartotojo vardas', 'Имя пользователя', 'Ім\'я користувача', 'Valdymo panelės vartotojo vardas', 'Имя пользователя в панели управления', 'Ім\'я користувача в панелі управління', '', '', '', '', '', ''),
	(3, 3, 'password', 'on', 1, 'off', 'on', 'on', 29, 16, 0, NULL, NULL, '', 'Password', NULL, NULL, 'Enter the password to the application ', '', 'off', 'off', 'off', 'off', 'on', 'off', NULL, 'dropdown', 'off', 'off', '', 'Slaptažodis', 'Пароль', 'Пароль', 'Slaptažodis', 'Пароль доступа к серверу. Для *nix и *bsd операционных систем это пароль пользователя root, для Windows пароль администратора', 'Пароль доступу до сервера. Для *nix і *bsd операційних систем це пароль користувача root, для Windows пароль адміністратора', '', '', '', '', '', ''),
	(4, 4, 'url', 'on', 1, 'off', 'on', 'on', 29, 16, 0, NULL, NULL, '', 'URL', NULL, NULL, 'URL for monitoring. It should be like this: http://domain.com http://domain.com/path https://domain.com/path', '', 'off', 'off', 'off', 'off', 'off', 'off', NULL, 'dropdown', 'off', 'off', '', 'URL', 'URL', 'URL', 'URL for monitoring. It should be like this: http://domain.com http://domain.com/path https://domain.com/path', 'URL, по которому необходимо отслеживать доступность. URL должен иметь вид: http://domain.com http://domain.com/path https://domain.com/path', 'URL, за яким необхідно відслідковувати доступність. URL має мати вид: http://domain.com http://domain.com/path https://domain.com/path', '', '', '', '', '', ''),
	(5, 5, 'panelid', 'on', 1, 'off', 'off', 'on', 30, 30, 0, NULL, NULL, '', 'Identifier', NULL, NULL, 'Identifier in the control panel. It can be the id of virtual machine or dedicated server in VM/VE/DCImanager correspondingly ', '', 'off', 'off', 'off', 'off', 'off', 'off', NULL, 'dropdown', 'off', 'off', '', 'Identifikatorius', 'Идентификатор', 'Ідентифікатор', 'Identifier in the control panel. It can be the id of virtual machine or dedicated server in VM/VE/DCImanager correspondingly ', 'Идентификатор в панели управления. Обычно это id виртуального или выделенного сервера в VM/VE/DCImanager соответственно', 'Ідентифікатор в панелі управління. Зазвичай це id віртуальної машиини або виділеного сервера в M/VE/DCImanager відповідно', '', '', '', '', '', ''),
	(6, 6, 'ostempl', 'on', 1, 'off', 'off', 'off', 30, 30, 1, NULL, NULL, '', 'Operating system ', NULL, NULL, 'Select an opearting system that will be deployed when processing a  service', '', 'on', 'off', 'off', 'off', 'off', 'off', NULL, 'dropdown', 'off', 'off', '', 'OS šablonas', 'Операционная система', 'Операційна система', 'Select an opearting system that will be deployed when processing a  service', 'Операционная система, которая будет установлена при обработке услуги', 'Шаблон операційної системи, який буде встановлено при обробці послуги', '', '', '', '', '', ''),
	(7, 7, 'vmtempl', 'on', 1, 'off', 'off', 'off', 30, 30, 1, NULL, NULL, '', 'VPS template', NULL, NULL, 'Pre-defined parameters for virtual server in VDC', '', 'on', 'off', 'off', 'off', 'off', 'off', NULL, 'dropdown', 'off', 'off', '', 'VPS template', 'Шаблон виртуального сервера', 'VPS template', 'Pre-defined parameters for virtual server in VDC', 'Предварительно заданные параметры виртуального сервера в составе ВДЦ', 'Pre-defined parameters for virtual server in VDC', '', '', '', '', '', ''),
	(8, 8, 'volumetype', 'on', 1, 'off', 'off', 'off', 30, 30, 1, NULL, NULL, '', 'Disk type', NULL, NULL, 'Disk type ', '', 'on', 'off', 'off', 'off', 'off', 'off', NULL, 'dropdown', 'off', 'off', '', 'Disk type', 'Тип диска', 'Disk type', 'Disk type ', 'Тип диска, влиящий на его параметры', 'Disk type ', '', '', '', '', '', ''),
	(9, 9, 'routertempl', 'on', 1, 'off', 'off', 'off', 30, 30, 1, NULL, NULL, '', 'Router configuration ', NULL, NULL, 'Router configuration type ', '', 'on', 'off', 'off', 'off', 'off', 'off', NULL, 'dropdown', 'off', 'off', '', 'Router configuration ', 'Конфигурация маршрутизатора', 'Router configuration ', 'Router configuration type ', 'Тип конфигурации маршрутизатора', 'Router configuration type ', '', '', '', '', '', ''),
	(10, 10, 'ip', 'on', 1, 'off', 'on', 'on', 29, 16, 0, NULL, NULL, 'ip', 'IP address', NULL, NULL, 'IP address ', '', 'off', 'off', 'on', 'on', 'off', 'off', NULL, 'dropdown', 'off', 'off', '', 'IP adresas', 'IP-адрес', 'IP address', 'IP address ', 'IP-адрес', 'IP address ', '', '', '', '', '', ''),
	(11, 1, 'ip', 'on', 20, 'on', 'off', 'on', 29, 16, 0, NULL, NULL, 'ip', 'IP address', NULL, NULL, 'IP address ', '', 'on', 'off', 'off', 'off', 'off', 'off', NULL, 'dropdown', 'off', 'off', '', 'IP adresas', 'IP-адрес', 'IP address', 'IP address ', 'IP-адрес', 'IP address ', '', '', '', '', '', ''),
	(12, 2, 'port', 'on', 20, 'on', 'off', 'on', 29, 16, 0, NULL, NULL, 'int', 'Port number', '1,65535', '22', 'Application port number', '', 'on', 'off', 'off', 'off', 'off', 'off', NULL, 'dropdown', 'off', 'off', '', 'Port number', 'Порт ssh', 'Номер порту', 'Application port number', 'Порт для доступа к серверу по ssh', 'Номер порту програми', '', '', '', '', '', ''),
	(13, 3, 'login', 'on', 20, 'on', 'off', 'on', 29, 16, 0, NULL, NULL, '', 'Login ', NULL, 'root', 'Enter the login to access the server through ssh ', '', 'on', 'off', 'off', 'off', 'off', 'off', NULL, 'dropdown', 'off', 'off', '', 'Login ', 'Логин', 'Login ', 'Enter the login to access the server through ssh ', 'Логин для доступа к серверу по ssh', 'Enter the login to access the server through ssh ', '', '', '', '', '', ''),
	(14, 4, 'password', 'on', 20, 'on', 'off', 'on', 29, 16, 0, NULL, NULL, '', 'Password', NULL, NULL, 'Enter the password to the application ', '', 'off', 'off', 'off', 'off', 'on', 'off', NULL, 'dropdown', 'off', 'off', '', 'Slaptažodis', 'Пароль', 'Пароль', 'Slaptažodis', 'Пароль доступа к серверу. Для *nix и *bsd операционных систем это пароль пользователя root, для Windows пароль администратора', 'Пароль доступу до сервера. Для *nix і *bsd операційних систем це пароль користувача root, для Windows пароль адміністратора', '', '', '', '', '', ''),
	(15, 5, 'vepp_username', 'on', 20, 'off', 'on', 'on', 29, 29, 0, NULL, NULL, '', 'Username ', NULL, NULL, 'Vepp user name ', '', 'off', 'off', 'off', 'off', 'off', 'off', NULL, 'dropdown', 'off', 'off', '', 'Username ', 'Имя пользователя', 'Username ', 'Vepp user name ', 'Имя пользователя Vepp', 'Vepp user name ', '', '', '', '', '', ''),
	(16, 6, 'vepp_password', 'on', 20, 'off', 'on', 'on', 29, 29, 0, NULL, NULL, '', 'User password ', NULL, NULL, 'Vepp user password ', '', 'off', 'off', 'off', 'off', 'on', 'off', NULL, 'dropdown', 'off', 'off', '', 'User password ', 'Пароль пользователя', 'User password ', 'Vepp user password ', 'Пароль пользователя Vepp', 'Vepp user password ', '', '', '', '', '', ''),
	(17, 7, 'vepp_instance', 'on', 20, 'off', 'on', 'on', 29, 29, 0, NULL, NULL, 'int', 'Instance code ', NULL, NULL, 'Vepp instance code ', '', 'off', 'off', 'off', 'off', 'off', 'off', NULL, 'dropdown', 'off', 'off', '', 'Instance code ', 'Код экземпляра', 'Instance code ', 'Vepp instance code ', 'Код экземпляра Vepp', 'Vepp instance code ', '', '', '', '', '', ''),
	(18, 8, 'vepp_domain', 'on', 20, 'off', 'on', 'on', 29, 29, 0, NULL, NULL, 'domain', 'Domain ', NULL, NULL, 'Vepp instance domain ', '', 'off', 'off', 'off', 'off', 'off', 'off', NULL, 'dropdown', 'off', 'off', '', 'Domain ', 'Домен', 'Domain ', 'Vepp instance domain ', 'Домен экземпляра Vepp', 'Vepp instance domain ', '', '', '', '', '', ''),
	(19, 1, 'alloc_addr', 'on', 22, 'off', 'on', 'on', 29, 29, 0, NULL, NULL, '', 'URL', NULL, NULL, 'Server location address in the data-center ', '', 'off', 'off', 'off', 'off', 'off', 'off', NULL, 'dropdown', 'off', 'off', '', 'URL', 'Адрес размещения', 'Адреса розміщення', 'Server location address in the data-center ', 'Адрес размещения сервера в дата-центре', 'Адреса розміщення сервера в дата-центрі', '', '', '', '', '', ''),
	(20, 2, 'panelid', 'on', 22, 'off', 'on', 'on', 29, 29, 0, NULL, NULL, '', 'Identifier', NULL, NULL, 'Identifier in the control panel. It can be the id of virtual machine or dedicated server in VM/VE/DCImanager correspondingly ', '', 'off', 'off', 'off', 'off', 'off', 'off', NULL, 'dropdown', 'off', 'off', '', 'Identifikatorius', 'Идентификатор', 'Ідентифікатор', 'Identifier in the control panel. It can be the id of virtual machine or dedicated server in VM/VE/DCImanager correspondingly ', 'Идентификатор в панели управления. Обычно это id виртуального или выделенного сервера в VM/VE/DCImanager соответственно', 'Ідентифікатор в панелі управління. Зазвичай це id віртуальної машиини або виділеного сервера в M/VE/DCImanager відповідно', '', '', '', '', '', ''),
	(21, 3, 'username', 'on', 22, 'off', 'on', 'on', 29, 16, 0, NULL, NULL, '', 'Username', NULL, NULL, 'Username', '', 'off', 'off', 'off', 'off', 'off', 'off', NULL, 'dropdown', 'off', 'off', '', 'Vartotojo vardas', 'Имя пользователя', 'Ім\'я користувача', 'Valdymo panelės vartotojo vardas', 'Имя пользователя в панели управления', 'Ім\'я користувача в панелі управління', '', '', '', '', '', ''),
	(22, 4, 'password', 'on', 22, 'off', 'on', 'on', 29, 16, 0, NULL, NULL, '', 'Password', NULL, NULL, 'Enter the password to the application ', '', 'off', 'off', 'off', 'off', 'on', 'off', NULL, 'dropdown', 'off', 'off', '', 'Slaptažodis', 'Пароль', 'Пароль', 'Slaptažodis', 'Пароль доступа к серверу. Для *nix и *bsd операционных систем это пароль пользователя root, для Windows пароль администратора', 'Пароль доступу до сервера. Для *nix і *bsd операційних систем це пароль користувача root, для Windows пароль адміністратора', '', '', '', '', '', ''),
	(23, 5, 'racknumber', 'on', 22, 'off', 'on', 'on', 29, 29, 0, NULL, NULL, '', 'Rack number ', NULL, NULL, 'Number of the rack where the server is installed ', '', 'off', 'off', 'off', 'off', 'off', 'off', NULL, 'dropdown', 'off', 'off', '', 'Rack number ', 'Номер стойки', 'Номер стійки', 'Number of the rack where the server is installed ', 'Номер стойки, в которую установлен сервер', 'Номер стійки, в яку встановлений сервер', '', '', '', '', '', ''),
	(24, 6, 'label', 'on', 22, 'off', 'on', 'on', 29, 29, 0, NULL, NULL, '', 'Label ', NULL, NULL, 'Server label ', '', 'off', 'off', 'off', 'off', 'off', 'off', NULL, 'dropdown', 'off', 'off', '', 'Label ', 'Наклейка', 'Наліпка', 'Server label ', 'Наклейка на сервер', 'Наліпка на сервер', '', '', '', '', '', ''),
	(25, 1, 'dns_namespace', 'on', 30, 'on', 'off', 'on', 29, 16, 0, NULL, NULL, '', 'DNS name space', NULL, NULL, 'Name space that will be used when processing services', '', 'on', 'off', 'off', 'off', 'off', 'off', NULL, 'dropdown', 'off', 'off', '', 'DNS name space', 'Пространство имен DNS', 'Простір імен DNS', 'Name space that will be used when processing services', 'Пространство имен, которое будет использоваться при обработке услуги', 'Простір імен, якє будє використовуватись при обробці послуги', '', '', '', '', '', ''),
	(26, 2, 'username', 'on', 30, 'off', 'on', 'on', 29, 16, 0, NULL, NULL, '', 'Username', NULL, NULL, 'Username', '', 'off', 'off', 'off', 'off', 'off', 'off', NULL, 'dropdown', 'off', 'off', '', 'Vartotojo vardas', 'Имя пользователя', 'Ім\'я користувача', 'Valdymo panelės vartotojo vardas', 'Имя пользователя в панели управления', 'Ім\'я користувача в панелі управління', '', '', '', '', '', ''),
	(27, 3, 'password', 'on', 30, 'off', 'on', 'on', 29, 16, 0, NULL, NULL, '', 'Password', NULL, NULL, 'Enter the password to the application ', '', 'off', 'off', 'off', 'off', 'on', 'off', NULL, 'dropdown', 'off', 'off', '', 'Slaptažodis', 'Пароль', 'Пароль', 'Slaptažodis', 'Пароль доступа к серверу. Для *nix и *bsd операционных систем это пароль пользователя root, для Windows пароль администратора', 'Пароль доступу до сервера. Для *nix і *bsd операційних систем це пароль користувача root, для Windows пароль адміністратора', '', '', '', '', '', ''),
	(28, 4, 'ip', 'on', 30, 'off', 'on', 'on', 29, 16, 0, NULL, NULL, 'ip', 'IP address', NULL, NULL, 'IP address ', '', 'off', 'off', 'off', 'on', 'off', 'off', NULL, 'dropdown', 'off', 'off', '', 'IP adresas', 'IP-адрес', 'IP address', 'IP address ', 'IP-адрес', 'IP address ', '', '', '', '', '', ''),
	(29, 1, 'user', 'on', 34, 'off', 'on', 'on', 29, 16, 0, NULL, NULL, '', 'Username', NULL, NULL, 'Enter a username', '', 'off', 'off', 'off', 'off', 'off', 'off', NULL, 'dropdown', 'off', 'off', '', 'Username', 'Пользователь', 'Ім\'я користувача', 'Enter a username', 'Пользователь', 'Ім\'я користувача для доступу до програми', '', '', '', '', '', ''),
	(30, 2, 'token', 'on', 34, 'off', 'on', 'on', 29, 16, 0, NULL, NULL, '', 'Токен', NULL, NULL, 'Токен', '', 'off', 'off', 'off', 'off', 'off', 'off', NULL, 'dropdown', 'off', 'off', '', 'Токен', 'Token', 'Токен', 'Токен', 'Token', 'Токен', '', '', '', '', '', ''),
	(31, 3, 'comment', 'on', 34, 'on', 'on', 'on', 16, 16, 0, NULL, NULL, '', 'Comment to license ', NULL, NULL, 'Comment to license ', '', 'off', 'off', 'off', 'off', 'off', 'off', NULL, 'dropdown', 'off', 'off', '', 'Comment to license ', 'Комментарий к лицензии', 'Comment to license ', 'Comment to license ', 'Комментарий к лицензии', 'Comment to license ', '', '', '', '', '', ''),
	(32, 1, 'addr', 'on', 43, 'off', 'on', 'on', 29, 16, 0, NULL, NULL, '', 'FTP-server', NULL, NULL, 'FTP-server URL', '', 'off', 'off', 'off', 'on', 'off', 'off', NULL, 'dropdown', 'off', 'off', '', 'FTP-server', 'FTP сервер', 'FTP-server', 'FTP-server URL', 'Адрес FTP сервера', 'FTP-server URL', '', '', '', '', '', ''),
	(33, 2, 'user', 'on', 43, 'off', 'on', 'on', 29, 16, 0, NULL, NULL, '', 'Username', NULL, NULL, 'Enter a username', '', 'off', 'off', 'on', 'off', 'off', 'off', NULL, 'dropdown', 'off', 'off', '', 'Username', 'Пользователь', 'Ім\'я користувача', 'Enter a username', 'Пользователь', 'Ім\'я користувача для доступу до програми', '', '', '', '', '', ''),
	(34, 3, 'passwd', 'on', 43, 'off', 'on', 'on', 29, 16, 0, NULL, NULL, '', 'Password ', NULL, NULL, 'Enter the FTP-user password ', '', 'off', 'off', 'off', 'off', 'on', 'off', NULL, 'dropdown', 'off', 'off', '', 'Password ', 'Пароль', 'Password ', 'Enter the FTP-user password ', 'Пароль FTP Пользователя', 'Enter the FTP-user password ', '', '', '', '', '', ''),
	(35, 1, 'ip', 'on', 45, 'off', 'on', 'on', 29, 16, 0, NULL, NULL, 'ip', 'IP address', NULL, NULL, 'IP address ', '', 'on', 'off', 'on', 'on', 'off', 'off', NULL, 'dropdown', 'off', 'off', '', 'IP adresas', 'IP-адрес', 'IP address', 'IP address ', 'IP-адрес', 'IP address ', '', '', '', '', '', ''),
	(36, 2, 'domain', 'on', 45, 'off', 'on', 'on', 29, 16, 0, NULL, NULL, 'domain', 'Domain name', NULL, NULL, 'Enter the domain name of the service ', '', 'off', 'off', 'on', 'on', 'off', 'off', NULL, 'dropdown', 'off', 'off', '', 'Domeno pavadinimas', 'Доменное имя', 'Доменне ім\'я', 'Enter the domain name of the service ', 'Доменное имя услуги', 'Доменне ім\'я послуги', '', '', '', '', '', ''),
	(37, 3, 'owndomain', 'on', 45, 'on', 'off', 'on', 29, 16, 0, NULL, NULL, 'domain', 'Private domain name ', NULL, NULL, 'Enter the private domain name if you already purchased the domain, or leave the field blank to provide this information later. Leaving the field blank will apply a free technical domain ', '', 'off', 'off', 'on', 'on', 'off', 'off', NULL, 'dropdown', 'off', 'off', '', 'Private domain name ', 'Собственное доменное имя', 'Власне доменне ім\'я', 'Enter the private domain name if you already purchased the domain, or leave the field blank to provide this information later. Leaving the field blank will apply a free technical domain ', 'Укажите собственное доменное имя, если у вас уже куплен домен, либо оставьте пустым, чтобы заполнить позднее. Если вы оставите поле пустым, то будет использован бесплатный технический домен', 'Вкажіть власне доменне ім\'я, якщо у вас вже куплений домен, або залиште пустим, щоб заповнити пізніше. Якщо ви залишите поле порожнім, буде використано безкоштовний технічний домен', '', '', '', '', '', ''),
	(38, 4, 'username', 'on', 45, 'off', 'on', 'on', 29, 29, 0, NULL, NULL, '', 'Username', NULL, NULL, 'Username', '', 'on', 'off', 'on', 'off', 'off', 'off', NULL, 'dropdown', 'off', 'off', '', 'Vartotojo vardas', 'Имя пользователя', 'Ім\'я користувача', 'Valdymo panelės vartotojo vardas', 'Имя пользователя в панели управления', 'Ім\'я користувача в панелі управління', '', '', '', '', '', ''),
	(39, 5, 'userpassword', 'on', 45, 'off', 'on', 'on', 29, 29, 0, NULL, NULL, '', 'User password', NULL, NULL, 'Enter the user password to the control panel', '', 'on', 'off', 'off', 'off', 'on', 'off', NULL, 'dropdown', 'off', 'off', '', 'Vartotojo slaptažodis', 'Пароль пользователя', 'Пароль користувача', 'Enter the user password to the control panel', 'Пароль доступа пользователя в панель управления', 'Пароль доступу користувача в панелі управління', '', '', '', '', '', ''),
	(40, 6, 'nameserver1', 'on', 45, 'off', 'on', 'on', 29, 16, 0, NULL, NULL, '', 'Name server 1', NULL, NULL, 'Name server 1', '', 'off', 'off', 'on', 'off', 'off', 'off', NULL, 'dropdown', 'off', 'off', '', 'Name server 1', 'Сервер имен 1', 'Сервер імен 1', 'Name server 1', 'Сервер имен 1', 'Сервер імен 1', '', '', '', '', '', ''),
	(41, 7, 'nameserver2', 'on', 45, 'off', 'on', 'on', 29, 16, 0, NULL, NULL, '', 'Name server 2', NULL, NULL, 'Name server 2', '', 'off', 'off', 'on', 'off', 'off', 'off', NULL, 'dropdown', 'off', 'off', '', 'Name server 2', 'Сервер имен 2', 'Сервер імен 2', 'Name server 2', 'Сервер имен 2', 'Сервер імен 2', '', '', '', '', '', ''),
	(42, 1, 'licname', 'on', 46, 'on', 'off', 'on', 16, 16, 0, NULL, NULL, '', 'License name', NULL, NULL, 'This name enables you to  easily identify a license', '', 'on', 'off', 'off', 'on', 'off', 'off', NULL, 'dropdown', 'off', 'off', '', 'Licenzijos pavadinimas', 'Название лицензии', 'License name', 'This name enables you to  easily identify a license', 'Предназначено для упрощения идентификации лицензии', 'Призначено для спрощення ідентифікації ліцензії', '', '', '', '', '', ''),
	(43, 2, 'ip', 'on', 46, 'on', 'off', 'on', 16, 16, 0, NULL, NULL, 'ip', 'IP address', NULL, NULL, 'IP address ', '', 'on', 'off', 'on', 'on', 'off', 'off', NULL, 'dropdown', 'off', 'off', '', 'IP adresas', 'IP-адрес', 'IP address', 'IP address ', 'IP-адрес', 'IP address ', '', '', '', '', '', ''),
	(44, 1, 'ip', 'on', 47, 'off', 'on', 'on', 29, 16, 0, NULL, NULL, 'ip', 'IP address', NULL, NULL, 'IP address ', '', 'on', 'off', 'on', 'on', 'off', 'off', 4, 'dropdown', 'off', 'off', '', 'IP adresas', 'IP-адрес', 'IP address', 'IP address ', 'IP-адрес', 'IP address ', '', '', '', '', '', ''),
	(45, 2, 'domain', 'on', 47, 'on', 'on', 'on', 29, 16, 0, NULL, NULL, 'domain', 'Domain name', NULL, NULL, 'Enter the domain name of the service ', '', 'off', 'off', 'on', 'on', 'off', 'off', NULL, 'dropdown', 'off', 'off', '', 'Domeno pavadinimas', 'Доменное имя', 'Доменне ім\'я', 'Enter the domain name of the service ', 'Доменное имя услуги', 'Доменне ім\'я послуги', '', '', '', '', '', ''),
	(46, 3, 'password', 'on', 47, 'off', 'on', 'on', 29, 16, 0, NULL, NULL, '', 'Password', NULL, NULL, 'Enter the password to the application ', '', 'off', 'off', 'off', 'off', 'on', 'off', 3, 'dropdown', 'off', 'off', '', 'Slaptažodis', 'Пароль', 'Пароль', 'Slaptažodis', 'Пароль доступа к серверу. Для *nix и *bsd операционных систем это пароль пользователя root, для Windows пароль администратора', 'Пароль доступу до сервера. Для *nix і *bsd операційних систем це пароль користувача root, для Windows пароль адміністратора', '', '', '', '', '', ''),
	(47, 4, 'username', 'on', 47, 'off', 'on', 'on', 29, 16, 0, NULL, NULL, '', 'Username', NULL, NULL, 'Username', '', 'off', 'off', 'on', 'off', 'off', 'off', 3, 'dropdown', 'off', 'off', '', 'Vartotojo vardas', 'Имя пользователя', 'Ім\'я користувача', 'Valdymo panelės vartotojo vardas', 'Имя пользователя в панели управления', 'Ім\'я користувача в панелі управління', '', '', '', '', '', ''),
	(48, 5, 'userpassword', 'on', 47, 'off', 'on', 'on', 29, 16, 0, NULL, NULL, '', 'User password', NULL, NULL, 'Enter the user password to the control panel', '', 'off', 'off', 'off', 'off', 'on', 'off', 3, 'dropdown', 'off', 'off', '', 'Vartotojo slaptažodis', 'Пароль пользователя', 'Пароль користувача', 'Enter the user password to the control panel', 'Пароль доступа пользователя в панель управления', 'Пароль доступу користувача в панелі управління', '', '', '', '', '', ''),
	(49, 6, 'ostempl', 'on', 47, 'on', 'off', 'on', 29, 16, 1, NULL, NULL, '', 'Operating system ', NULL, NULL, 'Select an opearting system that will be deployed when processing a  service', '', 'off', 'off', 'off', 'off', 'off', 'off', 2, 'dropdown', 'off', 'off', '', 'OS šablonas', 'Операционная система', 'Операційна система', 'Select an opearting system that will be deployed when processing a  service', 'Операционная система, которая будет установлена при обработке услуги', 'Шаблон операційної системи, який буде встановлено при обробці послуги', '', '', '', '', '', ''),
	(50, 7, 'recipe', 'on', 47, 'on', 'off', 'on', 29, 16, 1, NULL, NULL, '', 'Preinstalled software', NULL, NULL, 'Software that will be installed after OS deployment during service activation ', '', 'off', 'off', 'off', 'off', 'off', 'off', 2, 'dropdown', 'off', 'off', '', 'Preinstalled software', 'Предустановленное ПО', 'Передвстановлене ПЗ', 'Software that will be installed after OS deployment during service activation ', 'ПО, устанавливаемое после установки операционной системы при открытии услуги', 'ПЗ, яке встановлюється після установки операційної системи при відкритті послуги', '', '', '', '', '', ''),
	(51, 8, 'panelid', 'on', 47, 'off', 'on', 'on', 29, 29, 0, NULL, NULL, '', 'Identifier', NULL, NULL, 'Identifier in the control panel. It can be the id of virtual machine or dedicated server in VM/VE/DCImanager correspondingly ', '', 'off', 'off', 'on', 'off', 'off', 'off', NULL, 'dropdown', 'off', 'off', '', 'Identifikatorius', 'Идентификатор', 'Ідентифікатор', 'Identifier in the control panel. It can be the id of virtual machine or dedicated server in VM/VE/DCImanager correspondingly ', 'Идентификатор в панели управления. Обычно это id виртуального или выделенного сервера в VM/VE/DCImanager соответственно', 'Ідентифікатор в панелі управління. Зазвичай це id віртуальної машиини або виділеного сервера в M/VE/DCImanager відповідно', '', '', '', '', '', ''),
	(52, 9, 'racknumber', 'on', 47, 'off', 'on', 'on', 29, 29, 0, NULL, NULL, '', 'Rack number ', NULL, NULL, 'Number of the rack where the server is installed ', '', 'off', 'off', 'off', 'off', 'off', 'off', NULL, 'dropdown', 'off', 'off', '', 'Rack number ', 'Номер стойки', 'Номер стійки', 'Number of the rack where the server is installed ', 'Номер стойки, в которую установлен сервер', 'Номер стійки, в яку встановлений сервер', '', '', '', '', '', ''),
	(53, 10, 'label', 'on', 47, 'off', 'on', 'on', 29, 29, 0, NULL, NULL, '', 'Label ', NULL, NULL, 'Server label ', '', 'off', 'off', 'off', 'off', 'off', 'off', NULL, 'dropdown', 'off', 'off', '', 'Label ', 'Наклейка', 'Наліпка', 'Server label ', 'Наклейка на сервер', 'Наліпка на сервер', '', '', '', '', '', ''),
	(54, 1, 'domain', 'on', 76, 'off', 'on', 'on', 29, 16, 0, NULL, NULL, 'domain', 'Domain name', NULL, NULL, 'Enter the domain name of the service ', '', 'off', 'off', 'off', 'on', 'off', 'off', NULL, 'dropdown', 'off', 'off', '', 'Domeno pavadinimas', 'Доменное имя', 'Доменне ім\'я', 'Enter the domain name of the service ', 'Доменное имя услуги', 'Доменне ім\'я послуги', '', '', '', '', '', ''),
	(55, 2, 'service_status', 'on', 76, 'off', 'on', 'on', 29, 29, 1, NULL, NULL, '', 'Additional service status', NULL, NULL, 'Current service status ', '', 'off', 'off', 'off', 'off', 'off', 'off', NULL, 'dropdown', 'off', 'off', '', 'Additional service status', 'Дополнительный статус услуги', 'Додатковий статус послуги', 'Current service status ', 'Текущее состояние услуги', 'Поточний стан послуги', '', '', '', '', '', ''),
	(56, 1, 'approver_email', 'on', 78, 'off', 'off', 'on', 29, 16, 0, NULL, NULL, '', 'Confirmation email ', NULL, NULL, '', '', 'off', 'off', 'off', 'off', 'off', 'off', NULL, 'dropdown', 'off', 'off', '', 'El. pašto patvirtinimas', 'Email адрес подтверждения ', 'Email адреса підтвердження', '', '', '', '', '', '', '', '', ''),
	(57, 2, 'altname', 'on', 78, 'off', 'off', 'on', 29, 16, 0, 5, NULL, '', 'Alternative domain names', NULL, NULL, 'Additional domains that can be added to the SSL certificate ', '', 'off', 'off', 'off', 'off', 'off', 'off', NULL, 'dropdown', 'off', 'off', '', 'Alternative domain names', 'Дополнительные домены', 'Альтернативні імена', 'Additional domains that can be added to the SSL certificate ', 'Дополнительные домены добавляемые к сертификату', 'Додаткові домени, які додаються до сертифікату', '', '', '', '', '', ''),
	(58, 3, 'CN', 'on', 78, 'off', 'off', 'on', 29, 16, 0, NULL, NULL, '', 'Domain name', NULL, NULL, '', '', 'off', 'off', 'off', 'off', 'off', 'off', NULL, 'dropdown', 'off', 'off', '', 'Domeno vardas', 'Доменное имя', 'Domain name', '', '', '', '', '', '', '', '', ''),
	(59, 4, 'custom_order_id', 'on', 78, 'off', 'on', 'on', 29, 29, 0, NULL, NULL, '', 'External id', NULL, NULL, 'Service price that was sent upon creation ', '', 'off', 'off', 'off', 'off', 'off', 'off', NULL, 'dropdown', 'off', 'off', '', 'Išorinis ID', 'Внешний код услуги', 'Зовнішній код послуги', 'Service price that was sent upon creation ', 'Код услуги полученный при ее создании', 'Код послуги отриманий при її створенні', '', '', '', '', '', ''),
	(60, 5, 'service_status', 'on', 78, 'off', 'on', 'on', 29, 29, 1, NULL, NULL, '', 'Additional service status', NULL, NULL, 'Current service status ', '', 'off', 'off', 'off', 'off', 'off', 'off', NULL, 'dropdown', 'off', 'off', '', 'Additional service status', 'Дополнительный статус услуги', 'Додатковий статус послуги', 'Current service status ', 'Текущее состояние услуги', 'Поточний стан послуги', '', '', '', '', '', ''),
	(61, 1, 'item', 'on', 81, 'on', 'off', 'on', 29, 16, 0, NULL, NULL, 'int', 'License', NULL, NULL, 'ISPsystem\'s license for which you want to obtain this module', '', 'on', 'off', 'off', 'on', 'off', 'off', NULL, 'dropdown', 'off', 'off', '', 'License', 'Лицензия', 'Ліцензія', 'ISPsystem\'s license for which you want to obtain this module', 'Лицензия ISPsystem, для которой приобретается модуль', 'Ліцензія ISPsystem, для якої буде придбано модуль', '', '', '', '', '', ''),
	(62, 2, 'accesskey', 'on', 81, 'off', 'off', 'on', 29, 29, 0, NULL, NULL, '', 'Access key', NULL, NULL, 'This key can be used to access the module', '', 'off', 'off', 'off', 'off', 'off', 'off', NULL, 'dropdown', 'off', 'off', '', 'Access key', 'Ключ доступа', 'Ключ доступу', 'This key can be used to access the module', 'Ключ доступа к модулю', 'Ключ доступу до модуля', '', '', '', '', '', ''),
	(63, 3, 'domain', 'on', 81, 'on', 'on', 'on', 29, 16, 0, NULL, NULL, 'domain', 'Domain name', NULL, NULL, 'Enter the domain name of the service ', '', 'on', 'off', 'off', 'off', 'off', 'on', NULL, 'dropdown', 'off', 'off', '', 'Domeno pavadinimas', 'Доменное имя', 'Доменне ім\'я', 'Enter the domain name of the service ', 'Доменное имя услуги', 'Доменне ім\'я послуги', '', '', '', '', '', ''),
	(64, 4, 'target_ip', 'on', 81, 'on', 'on', 'on', 16, 16, 0, NULL, NULL, 'ip', 'Resource IP address ', NULL, NULL, 'The IP address assigned to the domain ', '', 'on', 'on', 'off', 'on', 'off', 'on', NULL, 'dropdown', 'off', 'off', '', 'Resource IP address ', 'IP-адрес ресурса', 'Resource IP address ', 'The IP address assigned to the domain ', 'IP-адрес, к которому привязан домен', 'The IP address assigned to the domain ', '', '', '', '', '', ''),
	(65, 1, 'licname', 'on', 83, 'on', 'off', 'on', 16, 16, 0, NULL, NULL, '', 'License name', NULL, NULL, 'This name enables you to  easily identify a license', '', 'off', 'off', 'off', 'on', 'off', 'off', NULL, 'dropdown', 'off', 'off', '', 'Licenzijos pavadinimas', 'Название лицензии', 'License name', 'This name enables you to  easily identify a license', 'Предназначено для упрощения идентификации лицензии', 'Призначено для спрощення ідентифікації ліцензії', '', '', '', '', '', ''),
	(66, 2, 'ip', 'on', 83, 'on', 'off', 'on', 16, 16, 0, NULL, NULL, 'ip', 'IP address', NULL, NULL, 'IP address ', '', 'off', 'off', 'on', 'on', 'off', 'off', NULL, 'dropdown', 'off', 'off', '', 'IP adresas', 'IP-адрес', 'IP address', 'IP address ', 'IP-адрес', 'IP address ', '', '', '', '', '', ''),
	(67, 3, 'lickey', 'on', 83, 'off', 'on', 'on', 30, 16, 0, NULL, NULL, '', 'License key', NULL, NULL, 'It is used for license activation if the license cannot be identified by the IP address ', '', 'off', 'off', 'off', 'off', 'off', 'off', NULL, 'dropdown', 'off', 'off', '', 'License key', 'Ключ лицензии', 'Ключ лицензії', 'It is used for license activation if the license cannot be identified by the IP address ', 'Используется для активации лицензии, в случае невозможности ее идентификации по IP адресу', 'It is used for license activation if the license cannot be identified by the IP address ', '', '', '', '', '', ''),
	(68, 1, 'ip', 'on', 84, 'off', 'on', 'on', 29, 16, 0, NULL, NULL, 'ip', 'IP address', NULL, NULL, 'IP address ', '', 'off', 'off', 'off', 'on', 'off', 'off', NULL, 'dropdown', 'off', 'off', '', 'IP adresas', 'IP-адрес', 'IP address', 'IP address ', 'IP-адрес', 'IP address ', '', '', '', '', '', ''),
	(69, 2, 'domain', 'on', 84, 'on', 'off', 'on', 29, 16, 0, NULL, NULL, 'domain', 'Domain name', NULL, NULL, 'Enter the domain name of the service ', '', 'off', 'off', 'on', 'on', 'off', 'off', NULL, 'dropdown', 'on', 'off', '', 'Domeno pavadinimas', 'Доменное имя', 'Доменне ім\'я', 'Enter the domain name of the service ', 'Доменное имя услуги', 'Доменне ім\'я послуги', '', '', '', '', '', ''),
	(70, 3, 'username', 'on', 84, 'off', 'on', 'on', 29, 16, 0, NULL, NULL, '', 'Username', NULL, NULL, 'Username', '', 'on', 'off', 'on', 'off', 'off', 'off', NULL, 'dropdown', 'on', 'off', '', 'Vartotojo vardas', 'Имя пользователя', 'Ім\'я користувача', 'Valdymo panelės vartotojo vardas', 'Имя пользователя в панели управления', 'Ім\'я користувача в панелі управління', '', '', '', '', '', ''),
	(71, 4, 'password', 'on', 84, 'off', 'on', 'on', 29, 16, 0, NULL, NULL, '', 'Password', NULL, NULL, 'Enter the password to the application ', '', 'off', 'off', 'off', 'off', 'on', 'off', NULL, 'dropdown', 'off', 'off', '', 'Slaptažodis', 'Пароль', 'Пароль', 'Slaptažodis', 'Пароль доступа к серверу. Для *nix и *bsd операционных систем это пароль пользователя root, для Windows пароль администратора', 'Пароль доступу до сервера. Для *nix і *bsd операційних систем це пароль користувача root, для Windows пароль адміністратора', '', '', '', '', '', ''),
	(72, 5, 'nameserver1', 'on', 84, 'off', 'on', 'on', 29, 16, 0, NULL, NULL, '', 'Name server 1', NULL, NULL, 'Name server 1', '', 'off', 'off', 'off', 'off', 'off', 'off', NULL, 'dropdown', 'off', 'off', '', 'Name server 1', 'Сервер имен 1', 'Сервер імен 1', 'Name server 1', 'Сервер имен 1', 'Сервер імен 1', '', '', '', '', '', ''),
	(73, 6, 'nameserver2', 'on', 84, 'off', 'on', 'on', 29, 16, 0, NULL, NULL, '', 'Name server 2', NULL, NULL, 'Name server 2', '', 'off', 'off', 'off', 'off', 'off', 'off', NULL, 'dropdown', 'off', 'off', '', 'Name server 2', 'Сервер имен 2', 'Сервер імен 2', 'Name server 2', 'Сервер имен 2', 'Сервер імен 2', '', '', '', '', '', ''),
	(74, 1, 'username', 'on', 97, 'off', 'on', 'on', 29, 16, 0, NULL, NULL, '', 'Username', NULL, NULL, 'Username', '', 'off', 'off', 'on', 'off', 'off', 'off', NULL, 'dropdown', 'off', 'off', '', 'Vartotojo vardas', 'Имя пользователя', 'Ім\'я користувача', 'Valdymo panelės vartotojo vardas', 'Имя пользователя в панели управления', 'Ім\'я користувача в панелі управління', '', '', '', '', '', ''),
	(75, 2, 'userpassword', 'on', 97, 'off', 'on', 'on', 29, 16, 0, NULL, NULL, '', 'User password', NULL, NULL, 'Enter the user password to the control panel', '', 'off', 'off', 'off', 'off', 'on', 'off', NULL, 'dropdown', 'off', 'off', '', 'Vartotojo slaptažodis', 'Пароль пользователя', 'Пароль користувача', 'Enter the user password to the control panel', 'Пароль доступа пользователя в панель управления', 'Пароль доступу користувача в панелі управління', '', '', '', '', '', ''),
	(76, 1, 'ip', 'on', 99, 'off', 'on', 'on', 29, 16, 0, NULL, NULL, 'ip', 'IP address', NULL, NULL, 'IP address ', '', 'on', 'off', 'on', 'on', 'off', 'off', NULL, 'dropdown', 'off', 'off', '', 'IP adresas', 'IP-адрес', 'IP address', 'IP address ', 'IP-адрес', 'IP address ', '', '', '', '', '', ''),
	(77, 2, 'domain', 'on', 99, 'on', 'on', 'on', 29, 16, 0, NULL, NULL, 'domain', 'Domain name', NULL, NULL, 'Enter the domain name of the service ', '', 'off', 'off', 'on', 'on', 'off', 'off', NULL, 'dropdown', 'off', 'off', '', 'Domeno pavadinimas', 'Доменное имя', 'Доменне ім\'я', 'Enter the domain name of the service ', 'Доменное имя услуги', 'Доменне ім\'я послуги', '', '', '', '', '', ''),
	(78, 3, 'password', 'on', 99, 'off', 'on', 'on', 29, 16, 0, NULL, NULL, '', 'Password', NULL, NULL, 'Enter the password to the application ', '', 'off', 'off', 'off', 'off', 'on', 'off', NULL, 'dropdown', 'off', 'off', '', 'Slaptažodis', 'Пароль', 'Пароль', 'Slaptažodis', 'Пароль доступа к серверу. Для *nix и *bsd операционных систем это пароль пользователя root, для Windows пароль администратора', 'Пароль доступу до сервера. Для *nix і *bsd операційних систем це пароль користувача root, для Windows пароль адміністратора', '', '', '', '', '', ''),
	(79, 4, 'username', 'on', 99, 'off', 'on', 'on', 29, 16, 0, NULL, NULL, '', 'Username', NULL, NULL, 'Username', '', 'off', 'off', 'on', 'off', 'off', 'off', NULL, 'dropdown', 'off', 'off', '', 'Vartotojo vardas', 'Имя пользователя', 'Ім\'я користувача', 'Valdymo panelės vartotojo vardas', 'Имя пользователя в панели управления', 'Ім\'я користувача в панелі управління', '', '', '', '', '', ''),
	(80, 5, 'userpassword', 'on', 99, 'off', 'on', 'on', 29, 16, 0, NULL, NULL, '', 'User password', NULL, NULL, 'Enter the user password to the control panel', '', 'off', 'off', 'off', 'off', 'on', 'off', NULL, 'dropdown', 'off', 'off', '', 'Vartotojo slaptažodis', 'Пароль пользователя', 'Пароль користувача', 'Enter the user password to the control panel', 'Пароль доступа пользователя в панель управления', 'Пароль доступу користувача в панелі управління', '', '', '', '', '', ''),
	(81, 6, 'panelid', 'on', 99, 'off', 'on', 'on', 29, 29, 0, NULL, NULL, '', 'Identifier', NULL, NULL, 'Identifier in the control panel. It can be the id of virtual machine or dedicated server in VM/VE/DCImanager correspondingly ', '', 'off', 'off', 'on', 'off', 'off', 'off', NULL, 'dropdown', 'off', 'off', '', 'Identifikatorius', 'Идентификатор', 'Ідентифікатор', 'Identifier in the control panel. It can be the id of virtual machine or dedicated server in VM/VE/DCImanager correspondingly ', 'Идентификатор в панели управления. Обычно это id виртуального или выделенного сервера в VM/VE/DCImanager соответственно', 'Ідентифікатор в панелі управління. Зазвичай це id віртуальної машиини або виділеного сервера в M/VE/DCImanager відповідно', '', '', '', '', '', ''),
	(82, 7, 'serverid', 'on', 99, 'off', 'on', 'on', 29, 16, 0, NULL, NULL, '', 'Name', NULL, NULL, 'Server name in the control panel ', '', 'off', 'off', 'on', 'off', 'off', 'off', NULL, 'dropdown', 'off', 'off', '', 'Name', 'Наименование', 'Найменування', 'Server name in the control panel ', 'Наименование сервера в панели управления', 'Найменування сервера в панелі управління', '', '', '', '', '', ''),
	(83, 8, 'ssh_key', 'on', 99, 'on', 'on', 'on', 29, 16, 4, NULL, NULL, '', 'SSH key', NULL, NULL, 'Public SSH key, which will be specified when creating the virtual machine ', '', 'off', 'off', 'off', 'off', 'on', 'on', NULL, 'dropdown', 'off', 'off', '', 'SSH key', 'SSH ключ', 'SSH key', 'Public SSH key, which will be specified when creating the virtual machine ', 'Публичный SSH ключ, который будет указан при создании виртуальной машины', 'Public SSH key, which will be specified when creating the virtual machine ', '', '', '', '', '', ''),
	(84, 9, 'ostempl', 'on', 99, 'on', 'off', 'on', 29, 16, 1, NULL, NULL, '', 'Operating system ', NULL, NULL, 'Select an opearting system that will be deployed when processing a  service', '', 'on', 'off', 'off', 'off', 'off', 'off', 2, 'dropdown', 'off', 'off', '', 'OS šablonas', 'Операционная система', 'Операційна система', 'Select an opearting system that will be deployed when processing a  service', 'Операционная система, которая будет установлена при обработке услуги', 'Шаблон операційної системи, який буде встановлено при обробці послуги', '', '', '', '', '', ''),
	(85, 10, 'recipe', 'on', 99, 'on', 'off', 'on', 29, 16, 1, NULL, NULL, '', 'Preinstalled software', NULL, NULL, 'Software that will be installed after OS deployment during service activation ', '', 'off', 'off', 'off', 'off', 'off', 'off', 2, 'dropdown', 'off', 'off', '', 'Preinstalled software', 'Предустановленное ПО', 'Передвстановлене ПЗ', 'Software that will be installed after OS deployment during service activation ', 'ПО, устанавливаемое после установки операционной системы при открытии услуги', 'ПЗ, яке встановлюється після установки операційної системи при відкритті послуги', '', '', '', '', '', ''),
	(86, 1, 'name', 'off', 133, 'on', 'off', 'on', 16, 16, 4, 1, NULL, NULL, 'Title', NULL, NULL, 'ru-team', '', 'on', 'off', 'off', 'on', 'off', 'off', 7, 'dropdown', 'off', 'on', '', NULL, 'Название', NULL, NULL, 'ru-team', NULL, NULL, '', NULL, NULL, '', NULL),
	(87, 2, 'login', 'off', 133, 'off', 'off', 'on', 30, 16, 0, NULL, NULL, NULL, 'Login', NULL, NULL, 'Username', '', 'off', 'off', 'off', 'off', 'off', 'off', 3, 'dropdown', 'off', 'off', '', NULL, 'Логин', NULL, NULL, 'Имя пользователя в панели управления', NULL, NULL, '', NULL, NULL, '', NULL),
	(88, 3, 'passwd', 'off', 133, 'off', 'off', 'on', 30, 16, 0, NULL, NULL, NULL, 'password', NULL, NULL, 'Enter the password to the application ', '', 'off', 'off', 'off', 'off', 'off', 'off', 3, 'dropdown', 'off', 'off', '', NULL, 'Пароль', NULL, NULL, 'Пароль доступа к серверу. Для *nix и *bsd операционных систем это пароль пользователя root, для Windows пароль администратора', NULL, NULL, '', NULL, NULL, '', NULL),
	(90, 5, 'ipaddr', 'off', 133, 'off', 'on', 'on', 30, 16, 0, NULL, NULL, 'ip', 'IP', 'null', NULL, '', '', 'off', 'off', 'off', 'off', 'off', 'off', 4, 'dropdown', 'off', 'on', '', NULL, 'IP', NULL, NULL, '', NULL, NULL, '', NULL, NULL, '', NULL),
	(93, 8, 'os', 'off', 133, 'on', 'off', 'on', 30, 16, 1, NULL, NULL, NULL, 'Operating system', NULL, NULL, '', '', 'off', 'off', 'off', 'off', 'off', 'off', 2, 'dropdown', 'off', 'off', '', NULL, 'Операционная система', NULL, NULL, '', NULL, NULL, '', NULL, NULL, '', NULL);

-- Дамп данных таблицы billmgr.itemtypeparamvalue: ~33 rows (приблизительно)
DELETE FROM `itemtypeparamvalue`;
INSERT INTO `itemtypeparamvalue` (`id`, `orderpriority`, `name`, `intname`, `itemtypeparam`, `info`, `disablepricelists`, `tags`, `valuegroup`, `name_lt`, `name_ru`, `name_ua`, `info_lt`, `info_ru`, `info_ua`) VALUES
	(1, 1, 'Domain is not paid', '1', 55, NULL, 'off', NULL, '', 'Domain is not paid', 'Домен не оплачен', 'Домен не оплачено', NULL, NULL, NULL),
	(2, 2, 'Domain has been registered and delegated', '2', 55, NULL, 'off', NULL, '', 'Domain has been registered and delegated', 'Домен зарегистрирован и делегирован', 'Домен зареєстрований і делегований', NULL, NULL, NULL),
	(3, 3, 'Domain has been registered, but it is not  delegated', '3', 55, NULL, 'off', NULL, '', 'Domain has been registered, but it is not  delegated', 'Домен зарегистрирован, но не делегирован', 'Домен зареєстрований, але не делегований', NULL, NULL, NULL),
	(4, 4, 'Domain is not registered with registrar', '4', 55, NULL, 'off', NULL, '', 'Domain is not registered with registrar', 'Домен отсутствует у регистратора', 'Домен відсутній у реєстратора', NULL, NULL, NULL),
	(5, 5, 'Domain registration in progress', '5', 55, NULL, 'off', NULL, '', 'Domain registration in progress', 'Домен проходит процедуру регистрации', 'Домен проходить процедуру реєстрації', NULL, NULL, NULL),
	(6, 6, 'Changing registrar for this domain', '6', 55, NULL, 'off', NULL, '', 'Changing registrar for this domain', 'Домен проходит процедуру смены регистратора', 'Домен проходить процедуру зміни реєстратора', NULL, NULL, NULL),
	(7, 7, 'Domain renewal in progress', '7', 55, NULL, 'off', NULL, '', 'Domain renewal in progress', 'Домен на продлении', 'Домен на продовженні', NULL, NULL, NULL),
	(8, 1, 'Ordered', '1', 60, NULL, 'off', NULL, '', 'Užsakyta', 'Заказан', 'Замовлений', NULL, NULL, NULL),
	(9, 2, 'Paid', '2', 60, NULL, 'off', NULL, '', 'Sumokėta', 'Оплачен', 'Оплачений', NULL, NULL, NULL),
	(10, 3, 'Request has been sent', '3', 60, NULL, 'off', NULL, '', 'Request has been sent', 'Запрос на сертификат отправлен', 'Запит на сертифікат відправлено', NULL, NULL, NULL),
	(11, 4, 'Pending', '4', 60, NULL, 'off', NULL, '', 'Laukia', 'Сертификат ожидает выпуска', 'Сертифікат очікує випуска', NULL, NULL, NULL),
	(12, 5, 'Issued', '5', 60, NULL, 'off', NULL, '', 'Issued', 'Сертификат выпущен', 'Сертификат випущено', NULL, NULL, NULL),
	(13, 1, 'Ubuntu 22.04', '940', 93, NULL, 'off', NULL, '', NULL, 'Ubuntu 22.04', NULL, NULL, NULL, NULL),
	(14, 2, 'Ubuntu 20.04', '939', 93, NULL, 'off', NULL, '', NULL, 'Ubuntu 20.04', NULL, NULL, NULL, NULL),
	(15, 3, 'Ubuntu 18.04', '938', 93, NULL, 'off', NULL, '', NULL, 'Ubuntu 18.04', NULL, NULL, NULL, NULL),
	(16, 4, 'CentOS 9 Stream', '943', 93, NULL, 'off', NULL, '', NULL, 'CentOS 9 Stream', NULL, NULL, NULL, NULL),
	(17, 5, 'CentOS 8 Stream', '942', 93, NULL, 'off', NULL, '', NULL, 'CentOS 8 Stream', NULL, NULL, NULL, NULL),
	(18, 6, 'CentOS 7', '941', 93, NULL, 'off', NULL, '', NULL, 'CentOS 7', NULL, NULL, NULL, NULL),
	(19, 7, 'Debian 11', '937', 93, NULL, 'off', NULL, '', NULL, 'Debian 11', NULL, NULL, NULL, NULL),
	(20, 8, 'Debian 10', '936', 93, NULL, 'off', NULL, '', NULL, 'Debian 10', NULL, NULL, NULL, NULL),
	(21, 9, 'Debian 9', '935', 93, NULL, 'off', NULL, '', NULL, 'Debian 9', NULL, NULL, NULL, NULL),
	(22, 10, 'Windows Server 2012', '929', 93, NULL, 'off', NULL, '', NULL, 'Windows Server 2012', NULL, NULL, NULL, NULL),
	(23, 11, 'Windows Server 2016', '930', 93, NULL, 'off', NULL, '', NULL, 'Windows Server 2016', NULL, NULL, NULL, NULL),
	(24, 12, 'Windows Server 2019', '931', 93, NULL, 'off', NULL, '', NULL, 'Windows Server 2019', NULL, NULL, NULL, NULL),
	(25, 13, 'Windows Server 2022', '1139', 93, NULL, 'off', NULL, '', NULL, 'Windows Server 2022', NULL, NULL, NULL, NULL),
	(26, 14, 'Windows 10 RUS', '1141', 93, NULL, 'off', NULL, '', NULL, 'Windows 10 RUS', NULL, NULL, NULL, NULL),
	(27, 15, 'Windows 10', '1140', 93, NULL, 'off', NULL, '', NULL, 'Windows 10', NULL, NULL, NULL, NULL),
	(28, 16, 'FreeBSD 12', '166', 93, NULL, 'off', NULL, '', NULL, 'FreeBSD 12', NULL, NULL, NULL, NULL),
	(29, 17, 'Alma Linux 8', '944', 93, NULL, 'off', NULL, '', NULL, 'Alma Linux 8', NULL, NULL, NULL, NULL),
	(30, 18, 'Alma Linux 9', '945', 93, NULL, 'off', NULL, '', NULL, 'Alma Linux 9', NULL, NULL, NULL, NULL),
	(31, 19, 'Astra Linux CE', '948', 93, NULL, 'off', NULL, '', NULL, 'Astra Linux CE', NULL, NULL, NULL, NULL),
	(32, 20, 'Rocky Linux 8', '946', 93, NULL, 'off', NULL, '', NULL, 'Rocky Linux 8', NULL, NULL, NULL, NULL),
	(33, 21, 'Rocky Linux 9', '947', 93, NULL, 'off', NULL, '', NULL, 'Rocky Linux 9', NULL, NULL, NULL, NULL);

-- Дамп данных таблицы billmgr.itemtyperule: ~115 rows (приблизительно)
DELETE FROM `itemtyperule`;
INSERT INTO `itemtyperule` (`id`, `itemtype`, `billtype`, `addontype`, `measure`, `enumeration`, `enumerationitem`, `intname`, `needmodulecheck`, `addonlimit`, `addonstep`, `addonmax`, `create_default`, `addonbool`) VALUES
	(1, 2, 3, 2, 6, NULL, NULL, '', 'off', 10240, 1024, 102400, 'off', 'off'),
	(2, 3, 3, 2, 6, NULL, NULL, '', 'off', 10240, 1024, 102400, 'off', 'off'),
	(3, 4, 2, 2, 5, NULL, NULL, '', 'off', 10, 1, 1000, 'on', 'off'),
	(4, 5, 2, 2, 4, NULL, NULL, '', 'on', 16, 1, 128, 'on', 'off'),
	(5, 6, 2, 2, 7, NULL, NULL, '', 'on', 1, 1, 32, 'on', 'off'),
	(6, 7, 2, 2, 7, NULL, NULL, '', 'on', 1, 1, 32, 'off', 'off'),
	(7, 8, 1, 2, 12, NULL, NULL, '', 'on', 2200, 100, 4000, 'on', 'off'),
	(8, 9, 2, 2, 4, NULL, NULL, 'disk disc', 'on', 50, 1, 1000, 'on', 'off'),
	(9, 10, 2, 2, 7, NULL, NULL, 'vmlimit', 'on', 1, 1, 10, 'off', 'off'),
	(10, 11, 2, 2, 7, NULL, NULL, '', 'off', 1, 1, 1, 'off', 'off'),
	(11, 12, 2, 2, 7, NULL, NULL, '', 'off', 0, 1, 1, 'off', 'off'),
	(12, 13, 2, 2, 7, NULL, NULL, '', 'on', 1, 1, 5, 'off', 'off'),
	(13, 14, 2, 2, 7, NULL, NULL, '', 'on', 1000, 1, 999999999, 'off', 'off'),
	(14, 15, 2, 2, 7, NULL, NULL, '', 'on', 1, 1, 1, 'off', 'off'),
	(15, 16, 3, 3, NULL, 1, 1, 'publicnet', 'off', 0, 1, 1024, 'off', 'off'),
	(16, 17, 3, 2, 7, NULL, NULL, '', 'on', 0, 1, 999999999, 'off', 'off'),
	(17, 18, 2, 2, 7, NULL, NULL, '', 'on', 1, 1, 3, 'off', 'off'),
	(18, 19, 3, 3, 7, NULL, NULL, '', 'off', 0, 0, 0, 'off', 'off'),
	(19, 21, 2, 2, 7, NULL, NULL, '', 'off', 5, 5, 1000, 'off', 'off'),
	(20, 23, 3, 2, 4, NULL, NULL, '', 'off', 5120, 1, 10240, 'on', 'off'),
	(21, 24, 3, 2, 13, NULL, NULL, '', 'off', 200, 50, 1000, 'on', 'off'),
	(22, 25, 2, 2, 7, NULL, NULL, '', 'off', 1, 1, 1, 'on', 'off'),
	(23, 26, 2, 2, 7, NULL, NULL, '', 'off', 1, 1, 1, 'on', 'off'),
	(24, 27, 3, 2, 4, NULL, NULL, 'in out', 'off', 5120, 1, 10240, 'on', 'off'),
	(25, 28, 2, 2, 7, NULL, NULL, '', 'off', 1, 1, 1, 'on', 'off'),
	(26, 29, 2, 2, 7, NULL, NULL, '', 'off', 0, 1, 1, 'on', 'off'),
	(27, 31, 2, 2, 7, NULL, NULL, '', 'off', 10, 10, 100, 'on', 'off'),
	(28, 33, 2, 2, 7, NULL, NULL, '', 'off', 0, 10, 1000, 'on', 'off'),
	(29, 35, 3, 2, 7, NULL, NULL, '', 'off', 0, 1, 999999999, 'off', 'off'),
	(30, 36, 2, 2, 7, NULL, NULL, '', 'on', 0, 1, 1000000, 'off', 'off'),
	(31, 37, 2, 2, 7, NULL, NULL, '', 'on', 0, 1, 100, 'off', 'off'),
	(32, 38, 2, 2, 7, NULL, NULL, '', 'on', 0, 1, 1000000, 'off', 'off'),
	(33, 39, 2, 2, 7, NULL, NULL, '', 'on', 0, 1, 1000, 'off', 'off'),
	(34, 40, 2, 2, 7, NULL, NULL, '', 'on', 0, 1, 10000, 'off', 'off'),
	(35, 41, 2, 2, 7, NULL, NULL, '', 'on', 0, 1, 10000, 'off', 'off'),
	(36, 42, 2, 1, NULL, NULL, NULL, '', 'on', 0, 0, 0, 'off', 'off'),
	(37, 44, 2, 2, 4, NULL, NULL, '', 'on', 1, 1, 1024, 'on', 'off'),
	(38, 48, 2, 3, NULL, 2, 10, 'panel', 'off', 0, 1, 1024, 'on', 'off'),
	(39, 49, 2, 3, NULL, 3, 15, 'ns', 'off', 0, 1, 1024, 'off', 'off'),
	(40, 50, 3, 2, 4, NULL, NULL, 'in out', 'off', 5120, 1, 10240, 'on', 'off'),
	(41, 51, 3, 2, 15, NULL, NULL, 'electrical_consumption', 'off', 220, 1, 2200, 'off', 'off'),
	(42, 52, 2, 3, NULL, 4, 18, 'portspeed', 'off', 0, 1, 1024, 'off', 'off'),
	(43, 53, 2, 3, NULL, 5, 24, 'ostempl', 'off', 0, 1, 1024, 'off', 'off'),
	(44, 54, 2, 2, 7, NULL, NULL, '', 'off', 1, 1, 1, 'on', 'off'),
	(45, 55, 2, 2, 7, NULL, NULL, '', 'off', 0, 1, 1, 'on', 'off'),
	(46, 56, 2, 2, 7, NULL, NULL, '', 'off', 1, 1, 4, 'off', 'off'),
	(47, 57, 2, 3, NULL, 6, 25, 'hdd_1', 'off', 0, 1, 1024, 'off', 'off'),
	(48, 58, 2, 3, NULL, 6, 25, 'hdd_2', 'off', 0, 1, 1024, 'off', 'off'),
	(49, 59, 2, 3, NULL, 6, 25, 'hdd_3', 'off', 0, 1, 1024, 'off', 'off'),
	(50, 60, 2, 3, NULL, 6, 25, 'hdd_4', 'off', 0, 1, 1024, 'off', 'off'),
	(51, 61, 2, 3, NULL, 6, 25, 'hdd_5', 'off', 0, 1, 1024, 'off', 'off'),
	(52, 62, 2, 3, NULL, 6, 25, 'hdd_6', 'off', 0, 1, 1024, 'off', 'off'),
	(53, 63, 2, 3, NULL, 6, 25, 'hdd_7', 'off', 0, 1, 1024, 'off', 'off'),
	(54, 64, 2, 3, NULL, 6, 25, 'hdd_8', 'off', 0, 1, 1024, 'off', 'off'),
	(55, 65, 2, 3, NULL, 6, 25, 'hdd_9', 'off', 0, 1, 1024, 'off', 'off'),
	(56, 66, 2, 3, NULL, 6, 25, 'hdd_10', 'off', 0, 1, 1024, 'off', 'off'),
	(57, 67, 2, 3, NULL, 6, 25, 'hdd_11', 'off', 0, 1, 1024, 'off', 'off'),
	(58, 68, 2, 3, NULL, 6, 25, 'hdd_12', 'off', 0, 1, 1024, 'off', 'off'),
	(59, 69, 2, 3, NULL, 7, 26, 'cpu', 'off', 0, 1, 1024, 'off', 'off'),
	(60, 70, 2, 3, NULL, 8, 27, 'pci_1', 'off', 0, 1, 1024, 'off', 'off'),
	(61, 71, 2, 3, NULL, 8, 27, 'pci_2', 'off', 0, 1, 1024, 'off', 'off'),
	(62, 72, 2, 3, NULL, 8, 27, 'pci_3', 'off', 0, 1, 1024, 'off', 'off'),
	(63, 73, 2, 3, NULL, 8, 27, 'pci_4', 'off', 0, 1, 1024, 'off', 'off'),
	(64, 74, 2, 3, NULL, 9, 28, 'ram', 'off', 0, 1, 1024, 'off', 'off'),
	(65, 75, 1, 1, NULL, NULL, NULL, '', 'off', 0, 0, 0, 'off', 'on'),
	(66, 77, 2, 1, NULL, NULL, NULL, '', 'off', 0, 1, 1024, 'on', 'off'),
	(67, 79, 2, 2, 7, NULL, NULL, '', 'off', 0, 1, 10, 'off', 'off'),
	(68, 80, 2, 2, 7, NULL, NULL, '', 'off', 0, 1, 10, 'off', 'off'),
	(69, 82, 2, 2, 7, NULL, NULL, '', 'off', 0, 1, 1000, 'on', 'off'),
	(70, 85, 3, 2, 4, NULL, NULL, 'in out', 'off', 5120, 1, 10240, 'on', 'off'),
	(71, 86, 2, 2, 7, NULL, NULL, '', 'on', 10, 10, 100, 'off', 'off'),
	(72, 87, 2, 2, 7, NULL, NULL, 'cpu_user cpu_sys', 'off', 100, 100, 999999999, 'off', 'off'),
	(73, 88, 2, 2, 18, NULL, NULL, '', 'off', 25, 25, 100, 'off', 'off'),
	(74, 89, 2, 2, 1, NULL, NULL, 'mem mem_max', 'off', 64, 32, 1024, 'off', 'off'),
	(75, 90, 2, 2, 1, NULL, NULL, 'disk disc', 'on', 1024, 512, 10240, 'on', 'off'),
	(76, 91, 2, 2, 7, NULL, NULL, '', 'on', 10, 10, 100, 'on', 'off'),
	(77, 92, 2, 2, 7, NULL, NULL, '', 'on', 10, 10, 100, 'off', 'off'),
	(78, 93, 2, 2, 7, NULL, NULL, '', 'on', 10, 10, 100, 'off', 'off'),
	(79, 94, 2, 2, 7, NULL, NULL, '', 'on', 10, 10, 100, 'off', 'off'),
	(80, 95, 2, 2, 7, NULL, NULL, '', 'off', 1, 1, 1, 'off', 'off'),
	(81, 96, 2, 2, 7, NULL, NULL, '', 'off', 0, 1, 1, 'off', 'off'),
	(82, 98, 2, 2, 7, NULL, NULL, '', 'on', 1, 1, 5, 'on', 'off'),
	(83, 100, 2, 2, 1, NULL, NULL, 'disk disc', 'on', 2048, 128, 102400, 'on', 'off'),
	(84, 101, 3, 2, 4, NULL, NULL, 'in out', 'off', 5120, 1, 10240, 'on', 'off'),
	(85, 102, 2, 3, NULL, 2, 10, 'panel', 'off', 0, 1, 1024, 'on', 'off'),
	(86, 103, 2, 3, NULL, 3, 15, 'ns', 'off', 0, 1, 1024, 'on', 'off'),
	(87, 104, 2, 2, 1, NULL, NULL, '', 'off', 256, 128, 2048, 'on', 'off'),
	(88, 105, 2, 2, 12, NULL, NULL, '', 'off', 500, 100, 3000, 'on', 'off'),
	(89, 106, 2, 2, 7, NULL, NULL, '', 'off', 1000, 1000, 10000, 'off', 'off'),
	(90, 107, 2, 2, 7, NULL, NULL, '', 'off', 20000, 10000, 500000, 'off', 'off'),
	(91, 108, 2, 2, 7, NULL, NULL, '', 'off', 1, 1, 4, 'on', 'off'),
	(92, 109, 2, 2, 7, NULL, NULL, '', 'off', 1000, 500, 10000, 'off', 'off'),
	(93, 110, 2, 2, 7, NULL, NULL, '', 'off', 500, 100, 2000, 'off', 'off'),
	(94, 111, 2, 2, 6, NULL, NULL, '', 'off', 1024, 512, 102400, 'off', 'off'),
	(95, 112, 2, 2, 6, NULL, NULL, '', 'off', 1024, 512, 102400, 'off', 'off'),
	(96, 113, 2, 2, 5, NULL, NULL, '', 'off', 1, 1, 1000, 'off', 'off'),
	(97, 114, 2, 3, NULL, 10, 38, 'cpu_mode', 'off', 0, 1, 1024, 'off', 'off'),
	(98, 115, 2, 3, NULL, 11, 42, 'cpu_custom_model', 'off', 0, 1, 1024, 'off', 'off'),
	(99, 116, 2, 2, 7, NULL, NULL, '', 'off', 128, 128, 10000, 'off', 'off'),
	(100, 117, 2, 2, 7, NULL, NULL, '', 'off', 100, 100, 1000, 'off', 'off'),
	(101, 118, 2, 2, 7, NULL, NULL, '', 'off', 0, 1, 10, 'off', 'off'),
	(102, 119, 2, 2, 5, NULL, NULL, '', 'off', 1, 1, 1000, 'off', 'off'),
	(103, 120, 2, 2, 5, NULL, NULL, '', 'off', 1, 1, 1000, 'off', 'off'),
	(104, 121, 2, 2, 19, NULL, NULL, '', 'off', 1000, 1000, 1000000, 'off', 'off'),
	(105, 122, 2, 2, 19, NULL, NULL, '', 'off', 1000, 1000, 1000000, 'off', 'off'),
	(106, 123, 2, 1, NULL, NULL, NULL, '', 'off', 0, 0, 0, 'off', 'off'),
	(107, 124, 2, 3, NULL, 12, 43, 'backup_schedule', 'off', 0, 1, 1024, 'off', 'off'),
	(108, 125, 2, 3, NULL, 13, 44, 'ippool', 'off', 0, 1, 1024, 'off', 'off'),
	(109, 126, 2, 3, NULL, 5, 24, 'ostempl', 'off', 0, 1, 1024, 'off', 'off'),
	(110, 127, 2, 2, 7, NULL, NULL, '', 'off', 1, 1, 1, 'on', 'off'),
	(111, 128, 2, 2, 7, NULL, NULL, '', 'off', 0, 1, 1, 'on', 'off'),
	(112, 129, 2, 1, NULL, NULL, NULL, '', 'off', 0, 0, 0, 'off', 'off'),
	(113, 130, 2, 3, NULL, 14, 45, 'ipv6subnet_prefix', 'off', 0, 1, 1024, 'off', 'off'),
	(114, 131, 2, 2, 4, NULL, NULL, '', 'off', 0, 20, 1000, 'off', 'off'),
	(115, 132, 2, 2, 7, NULL, NULL, '', 'off', 0, 1, 1, 'off', 'off');

-- Дамп данных таблицы billmgr.price: ~79 rows (приблизительно)
DELETE FROM `price`;
INSERT INTO `price` (`id`, `trial`, `lifetime`, `day`, `monthly`, `quarterly`, `semiannual`, `annually`, `biennial`, `triennial`, `quadrennial`, `quinquennial`, `decennial`, `transfer`, `setup`, `stat`, `currency`, `prolong`, `disable_day`, `disable_monthly`, `disable_quarterly`, `disable_semiannual`, `disable_annually`, `disable_biennial`, `disable_triennial`, `disable_quadrennial`, `disable_quinquennial`, `disable_decennial`, `disable_lifetime`) VALUES
	(2, NULL, NULL, NULL, 1.0000, 3.0000, 6.0000, 12.0000, NULL, NULL, NULL, NULL, NULL, NULL, NULL, NULL, 126, NULL, 'off', 'on', 'on', 'on', 'on', 'off', 'off', 'off', 'off', 'off', 'off'),
	(3, NULL, NULL, NULL, NULL, NULL, NULL, NULL, NULL, NULL, NULL, NULL, NULL, NULL, NULL, NULL, 126, NULL, 'off', 'off', 'off', 'off', 'off', 'off', 'off', 'off', 'off', 'off', 'off'),
	(4, NULL, NULL, NULL, NULL, NULL, NULL, NULL, NULL, NULL, NULL, NULL, NULL, NULL, NULL, NULL, 126, NULL, 'off', 'off', 'off', 'off', 'off', 'off', 'off', 'off', 'off', 'off', 'off'),
	(5, NULL, NULL, NULL, 0.0000, 0.0000, 0.0000, 0.0000, NULL, NULL, NULL, NULL, NULL, NULL, NULL, NULL, 126, NULL, 'off', 'off', 'off', 'off', 'off', 'off', 'off', 'off', 'off', 'off', 'off'),
	(6, NULL, NULL, NULL, NULL, NULL, NULL, NULL, NULL, NULL, NULL, NULL, NULL, NULL, NULL, NULL, 126, NULL, 'off', 'off', 'off', 'off', 'off', 'off', 'off', 'off', 'off', 'off', 'off'),
	(7, NULL, NULL, NULL, 0.0000, 0.0000, 0.0000, 0.0000, NULL, NULL, NULL, NULL, NULL, NULL, NULL, NULL, 126, NULL, 'off', 'off', 'off', 'off', 'off', 'off', 'off', 'off', 'off', 'off', 'off'),
	(8, NULL, NULL, NULL, NULL, NULL, NULL, NULL, NULL, NULL, NULL, NULL, NULL, NULL, NULL, NULL, 126, NULL, 'off', 'off', 'off', 'off', 'off', 'off', 'off', 'off', 'off', 'off', 'off'),
	(9, NULL, NULL, NULL, NULL, NULL, NULL, NULL, NULL, NULL, NULL, NULL, NULL, NULL, NULL, NULL, 126, NULL, 'off', 'off', 'off', 'off', 'off', 'off', 'off', 'off', 'off', 'off', 'off'),
	(10, NULL, NULL, NULL, NULL, NULL, NULL, NULL, NULL, NULL, NULL, NULL, NULL, NULL, NULL, NULL, 126, NULL, 'off', 'off', 'off', 'off', 'off', 'off', 'off', 'off', 'off', 'off', 'off'),
	(11, NULL, NULL, NULL, NULL, NULL, NULL, NULL, NULL, NULL, NULL, NULL, NULL, NULL, NULL, NULL, 126, NULL, 'off', 'off', 'off', 'off', 'off', 'off', 'off', 'off', 'off', 'off', 'off'),
	(12, NULL, NULL, NULL, NULL, NULL, NULL, NULL, NULL, NULL, NULL, NULL, NULL, NULL, NULL, NULL, 126, NULL, 'off', 'off', 'off', 'off', 'off', 'off', 'off', 'off', 'off', 'off', 'off'),
	(13, NULL, NULL, NULL, NULL, NULL, NULL, NULL, NULL, NULL, NULL, NULL, NULL, NULL, NULL, NULL, 126, NULL, 'off', 'off', 'off', 'off', 'off', 'off', 'off', 'off', 'off', 'off', 'off'),
	(14, NULL, NULL, NULL, 1.0000, 3.0000, 6.0000, 12.0000, NULL, NULL, NULL, NULL, NULL, NULL, NULL, NULL, 126, NULL, 'off', 'off', 'off', 'off', 'off', 'off', 'off', 'off', 'off', 'off', 'off'),
	(15, NULL, NULL, NULL, NULL, NULL, NULL, NULL, NULL, NULL, NULL, NULL, NULL, NULL, NULL, NULL, 126, NULL, 'off', 'off', 'off', 'off', 'off', 'off', 'off', 'off', 'off', 'off', 'off'),
	(16, NULL, NULL, NULL, NULL, NULL, NULL, NULL, NULL, NULL, NULL, NULL, NULL, NULL, NULL, NULL, 126, NULL, 'off', 'off', 'off', 'off', 'off', 'off', 'off', 'off', 'off', 'off', 'off'),
	(17, NULL, NULL, NULL, NULL, NULL, NULL, NULL, NULL, NULL, NULL, NULL, NULL, NULL, NULL, NULL, 126, NULL, 'off', 'off', 'off', 'off', 'off', 'off', 'off', 'off', 'off', 'off', 'off'),
	(19, NULL, NULL, 1.0000, NULL, NULL, NULL, NULL, NULL, NULL, NULL, NULL, NULL, NULL, 0.0000, NULL, 126, NULL, 'off', 'off', 'off', 'off', 'off', 'off', 'off', 'off', 'off', 'off', 'off'),
	(20, NULL, NULL, 14.0000, 391.0000, NULL, NULL, NULL, NULL, NULL, NULL, NULL, NULL, NULL, 1.0000, NULL, 126, NULL, 'off', 'off', 'off', 'off', 'off', 'off', 'off', 'off', 'off', 'off', 'off'),
	(21, NULL, NULL, NULL, 391.0000, NULL, NULL, NULL, NULL, NULL, NULL, NULL, NULL, NULL, 0.0000, NULL, 126, NULL, 'off', 'off', 'off', 'off', 'off', 'off', 'off', 'off', 'off', 'off', 'off'),
	(22, NULL, NULL, NULL, 391.0000, NULL, NULL, NULL, NULL, NULL, NULL, NULL, NULL, NULL, 0.0000, NULL, 126, NULL, 'off', 'off', 'off', 'off', 'off', 'off', 'off', 'off', 'off', 'off', 'off'),
	(23, NULL, NULL, NULL, 222.0000, NULL, NULL, NULL, NULL, NULL, NULL, NULL, NULL, NULL, NULL, NULL, 126, NULL, 'off', 'off', 'off', 'off', 'off', 'off', 'off', 'off', 'off', 'off', 'off'),
	(24, NULL, NULL, NULL, NULL, NULL, NULL, NULL, NULL, NULL, NULL, NULL, NULL, NULL, NULL, NULL, 126, NULL, 'off', 'off', 'off', 'off', 'off', 'off', 'off', 'off', 'off', 'off', 'off'),
	(25, NULL, NULL, NULL, 391.0000, NULL, NULL, NULL, NULL, NULL, NULL, NULL, NULL, NULL, 0.0000, NULL, 126, NULL, 'off', 'off', 'off', 'off', 'off', 'off', 'off', 'off', 'off', 'off', 'off'),
	(26, NULL, NULL, NULL, NULL, NULL, NULL, NULL, NULL, NULL, NULL, NULL, NULL, NULL, NULL, NULL, 126, NULL, 'off', 'off', 'off', 'off', 'off', 'off', 'off', 'off', 'off', 'off', 'off'),
	(27, NULL, NULL, NULL, 391.0000, NULL, NULL, NULL, NULL, NULL, NULL, NULL, NULL, NULL, 0.0000, NULL, 126, NULL, 'off', 'off', 'off', 'off', 'off', 'off', 'off', 'off', 'off', 'off', 'off'),
	(28, NULL, NULL, NULL, NULL, NULL, NULL, NULL, NULL, NULL, NULL, NULL, NULL, NULL, NULL, NULL, 126, NULL, 'off', 'off', 'off', 'off', 'off', 'off', 'off', 'off', 'off', 'off', 'off'),
	(29, NULL, NULL, NULL, 391.0000, NULL, NULL, NULL, NULL, NULL, NULL, NULL, NULL, NULL, 0.0000, NULL, 126, NULL, 'off', 'off', 'off', 'off', 'off', 'off', 'off', 'off', 'off', 'off', 'off'),
	(30, NULL, NULL, NULL, NULL, NULL, NULL, NULL, NULL, NULL, NULL, NULL, NULL, NULL, NULL, NULL, 126, NULL, 'off', 'off', 'off', 'off', 'off', 'off', 'off', 'off', 'off', 'off', 'off'),
	(31, NULL, NULL, NULL, 391.0000, NULL, NULL, NULL, NULL, NULL, NULL, NULL, NULL, NULL, 0.0000, NULL, 126, NULL, 'off', 'off', 'off', 'off', 'off', 'off', 'off', 'off', 'off', 'off', 'off'),
	(32, NULL, NULL, NULL, NULL, NULL, NULL, NULL, NULL, NULL, NULL, NULL, NULL, NULL, NULL, NULL, 126, NULL, 'off', 'off', 'off', 'off', 'off', 'off', 'off', 'off', 'off', 'off', 'off'),
	(33, NULL, NULL, NULL, 391.0000, NULL, NULL, NULL, NULL, NULL, NULL, NULL, NULL, NULL, 0.0000, NULL, 126, NULL, 'off', 'off', 'off', 'off', 'off', 'off', 'off', 'off', 'off', 'off', 'off'),
	(34, NULL, NULL, NULL, NULL, NULL, NULL, NULL, NULL, NULL, NULL, NULL, NULL, NULL, NULL, NULL, 126, NULL, 'off', 'off', 'off', 'off', 'off', 'off', 'off', 'off', 'off', 'off', 'off'),
	(35, NULL, NULL, NULL, 782.0000, NULL, NULL, NULL, NULL, NULL, NULL, NULL, NULL, NULL, 0.0000, NULL, 126, NULL, 'off', 'off', 'off', 'off', 'off', 'off', 'off', 'off', 'off', 'off', 'off'),
	(36, NULL, NULL, NULL, NULL, NULL, NULL, NULL, NULL, NULL, NULL, NULL, NULL, NULL, NULL, NULL, 126, NULL, 'off', 'off', 'off', 'off', 'off', 'off', 'off', 'off', 'off', 'off', 'off'),
	(37, NULL, NULL, NULL, 1563.0000, NULL, NULL, NULL, NULL, NULL, NULL, NULL, NULL, NULL, 0.0000, NULL, 126, NULL, 'off', 'off', 'off', 'off', 'off', 'off', 'off', 'off', 'off', 'off', 'off'),
	(38, NULL, NULL, NULL, NULL, NULL, NULL, NULL, NULL, NULL, NULL, NULL, NULL, NULL, NULL, NULL, 126, NULL, 'off', 'off', 'off', 'off', 'off', 'off', 'off', 'off', 'off', 'off', 'off'),
	(39, NULL, NULL, NULL, 3126.0000, NULL, NULL, NULL, NULL, NULL, NULL, NULL, NULL, NULL, 0.0000, NULL, 126, NULL, 'off', 'off', 'off', 'off', 'off', 'off', 'off', 'off', 'off', 'off', 'off'),
	(40, NULL, NULL, NULL, NULL, NULL, NULL, NULL, NULL, NULL, NULL, NULL, NULL, NULL, NULL, NULL, 126, NULL, 'off', 'off', 'off', 'off', 'off', 'off', 'off', 'off', 'off', 'off', 'off'),
	(41, NULL, NULL, NULL, 6252.0000, NULL, NULL, NULL, NULL, NULL, NULL, NULL, NULL, NULL, 0.0000, NULL, 126, NULL, 'off', 'off', 'off', 'off', 'off', 'off', 'off', 'off', 'off', 'off', 'off'),
	(42, NULL, NULL, NULL, NULL, NULL, NULL, NULL, NULL, NULL, NULL, NULL, NULL, NULL, NULL, NULL, 126, NULL, 'off', 'off', 'off', 'off', 'off', 'off', 'off', 'off', 'off', 'off', 'off'),
	(43, NULL, NULL, NULL, 391.0000, NULL, NULL, NULL, NULL, NULL, NULL, NULL, NULL, NULL, 0.0000, NULL, 126, NULL, 'off', 'off', 'off', 'off', 'off', 'off', 'off', 'off', 'off', 'off', 'off'),
	(44, NULL, NULL, NULL, NULL, NULL, NULL, NULL, NULL, NULL, NULL, NULL, NULL, NULL, NULL, NULL, 126, NULL, 'off', 'off', 'off', 'off', 'off', 'off', 'off', 'off', 'off', 'off', 'off'),
	(45, NULL, NULL, NULL, 782.0000, NULL, NULL, NULL, NULL, NULL, NULL, NULL, NULL, NULL, 0.0000, NULL, 126, NULL, 'off', 'off', 'off', 'off', 'off', 'off', 'off', 'off', 'off', 'off', 'off'),
	(46, NULL, NULL, NULL, NULL, NULL, NULL, NULL, NULL, NULL, NULL, NULL, NULL, NULL, NULL, NULL, 126, NULL, 'off', 'off', 'off', 'off', 'off', 'off', 'off', 'off', 'off', 'off', 'off'),
	(47, NULL, NULL, NULL, 1563.0000, NULL, NULL, NULL, NULL, NULL, NULL, NULL, NULL, NULL, 0.0000, NULL, 126, NULL, 'off', 'off', 'off', 'off', 'off', 'off', 'off', 'off', 'off', 'off', 'off'),
	(48, NULL, NULL, NULL, NULL, NULL, NULL, NULL, NULL, NULL, NULL, NULL, NULL, NULL, NULL, NULL, 126, NULL, 'off', 'off', 'off', 'off', 'off', 'off', 'off', 'off', 'off', 'off', 'off'),
	(49, NULL, NULL, NULL, 3126.0000, NULL, NULL, NULL, NULL, NULL, NULL, NULL, NULL, NULL, 0.0000, NULL, 126, NULL, 'off', 'off', 'off', 'off', 'off', 'off', 'off', 'off', 'off', 'off', 'off'),
	(50, NULL, NULL, NULL, NULL, NULL, NULL, NULL, NULL, NULL, NULL, NULL, NULL, NULL, NULL, NULL, 126, NULL, 'off', 'off', 'off', 'off', 'off', 'off', 'off', 'off', 'off', 'off', 'off'),
	(51, NULL, NULL, NULL, 6252.0000, NULL, NULL, NULL, NULL, NULL, NULL, NULL, NULL, NULL, 0.0000, NULL, 126, NULL, 'off', 'off', 'off', 'off', 'off', 'off', 'off', 'off', 'off', 'off', 'off'),
	(52, NULL, NULL, NULL, NULL, NULL, NULL, NULL, NULL, NULL, NULL, NULL, NULL, NULL, NULL, NULL, 126, NULL, 'off', 'off', 'off', 'off', 'off', 'off', 'off', 'off', 'off', 'off', 'off'),
	(53, NULL, NULL, NULL, 391.0000, NULL, NULL, NULL, NULL, NULL, NULL, NULL, NULL, NULL, 0.0000, NULL, 126, NULL, 'off', 'off', 'off', 'off', 'off', 'off', 'off', 'off', 'off', 'off', 'off'),
	(54, NULL, NULL, NULL, NULL, NULL, NULL, NULL, NULL, NULL, NULL, NULL, NULL, NULL, NULL, NULL, 126, NULL, 'off', 'off', 'off', 'off', 'off', 'off', 'off', 'off', 'off', 'off', 'off'),
	(55, NULL, NULL, NULL, 782.0000, NULL, NULL, NULL, NULL, NULL, NULL, NULL, NULL, NULL, 0.0000, NULL, 126, NULL, 'off', 'off', 'off', 'off', 'off', 'off', 'off', 'off', 'off', 'off', 'off'),
	(56, NULL, NULL, NULL, NULL, NULL, NULL, NULL, NULL, NULL, NULL, NULL, NULL, NULL, NULL, NULL, 126, NULL, 'off', 'off', 'off', 'off', 'off', 'off', 'off', 'off', 'off', 'off', 'off'),
	(57, NULL, NULL, NULL, 1563.0000, NULL, NULL, NULL, NULL, NULL, NULL, NULL, NULL, NULL, 0.0000, NULL, 126, NULL, 'off', 'off', 'off', 'off', 'off', 'off', 'off', 'off', 'off', 'off', 'off'),
	(58, NULL, NULL, NULL, NULL, NULL, NULL, NULL, NULL, NULL, NULL, NULL, NULL, NULL, NULL, NULL, 126, NULL, 'off', 'off', 'off', 'off', 'off', 'off', 'off', 'off', 'off', 'off', 'off'),
	(59, NULL, NULL, NULL, 3126.0000, NULL, NULL, NULL, NULL, NULL, NULL, NULL, NULL, NULL, 0.0000, NULL, 126, NULL, 'off', 'off', 'off', 'off', 'off', 'off', 'off', 'off', 'off', 'off', 'off'),
	(60, NULL, NULL, NULL, NULL, NULL, NULL, NULL, NULL, NULL, NULL, NULL, NULL, NULL, NULL, NULL, 126, NULL, 'off', 'off', 'off', 'off', 'off', 'off', 'off', 'off', 'off', 'off', 'off'),
	(61, NULL, NULL, NULL, 6252.0000, NULL, NULL, NULL, NULL, NULL, NULL, NULL, NULL, NULL, 0.0000, NULL, 126, NULL, 'off', 'off', 'off', 'off', 'off', 'off', 'off', 'off', 'off', 'off', 'off'),
	(62, NULL, NULL, NULL, NULL, NULL, NULL, NULL, NULL, NULL, NULL, NULL, NULL, NULL, NULL, NULL, 126, NULL, 'off', 'off', 'off', 'off', 'off', 'off', 'off', 'off', 'off', 'off', 'off'),
	(63, NULL, NULL, NULL, 782.0000, NULL, NULL, NULL, NULL, NULL, NULL, NULL, NULL, NULL, 0.0000, NULL, 126, NULL, 'off', 'off', 'off', 'off', 'off', 'off', 'off', 'off', 'off', 'off', 'off'),
	(64, NULL, NULL, NULL, NULL, NULL, NULL, NULL, NULL, NULL, NULL, NULL, NULL, NULL, NULL, NULL, 126, NULL, 'off', 'off', 'off', 'off', 'off', 'off', 'off', 'off', 'off', 'off', 'off'),
	(65, NULL, NULL, NULL, 1563.0000, NULL, NULL, NULL, NULL, NULL, NULL, NULL, NULL, NULL, 0.0000, NULL, 126, NULL, 'off', 'off', 'off', 'off', 'off', 'off', 'off', 'off', 'off', 'off', 'off'),
	(66, NULL, NULL, NULL, NULL, NULL, NULL, NULL, NULL, NULL, NULL, NULL, NULL, NULL, NULL, NULL, 126, NULL, 'off', 'off', 'off', 'off', 'off', 'off', 'off', 'off', 'off', 'off', 'off'),
	(67, NULL, NULL, NULL, 3126.0000, NULL, NULL, NULL, NULL, NULL, NULL, NULL, NULL, NULL, 0.0000, NULL, 126, NULL, 'off', 'off', 'off', 'off', 'off', 'off', 'off', 'off', 'off', 'off', 'off'),
	(68, NULL, NULL, NULL, NULL, NULL, NULL, NULL, NULL, NULL, NULL, NULL, NULL, NULL, NULL, NULL, 126, NULL, 'off', 'off', 'off', 'off', 'off', 'off', 'off', 'off', 'off', 'off', 'off'),
	(69, NULL, NULL, NULL, 6252.0000, NULL, NULL, NULL, NULL, NULL, NULL, NULL, NULL, NULL, 0.0000, NULL, 126, NULL, 'off', 'off', 'off', 'off', 'off', 'off', 'off', 'off', 'off', 'off', 'off'),
	(70, NULL, NULL, NULL, NULL, NULL, NULL, NULL, NULL, NULL, NULL, NULL, NULL, NULL, NULL, NULL, 126, NULL, 'off', 'off', 'off', 'off', 'off', 'off', 'off', 'off', 'off', 'off', 'off'),
	(71, NULL, NULL, NULL, 391.0000, NULL, NULL, NULL, NULL, NULL, NULL, NULL, NULL, NULL, 0.0000, NULL, 126, NULL, 'off', 'off', 'off', 'off', 'off', 'off', 'off', 'off', 'off', 'off', 'off'),
	(72, NULL, NULL, NULL, NULL, NULL, NULL, NULL, NULL, NULL, NULL, NULL, NULL, NULL, NULL, NULL, 126, NULL, 'off', 'off', 'off', 'off', 'off', 'off', 'off', 'off', 'off', 'off', 'off'),
	(73, NULL, NULL, NULL, 782.0000, NULL, NULL, NULL, NULL, NULL, NULL, NULL, NULL, NULL, 0.0000, NULL, 126, NULL, 'off', 'off', 'off', 'off', 'off', 'off', 'off', 'off', 'off', 'off', 'off'),
	(74, NULL, NULL, NULL, NULL, NULL, NULL, NULL, NULL, NULL, NULL, NULL, NULL, NULL, NULL, NULL, 126, NULL, 'off', 'off', 'off', 'off', 'off', 'off', 'off', 'off', 'off', 'off', 'off'),
	(75, NULL, NULL, NULL, 1563.0000, NULL, NULL, NULL, NULL, NULL, NULL, NULL, NULL, NULL, 0.0000, NULL, 126, NULL, 'off', 'off', 'off', 'off', 'off', 'off', 'off', 'off', 'off', 'off', 'off'),
	(76, NULL, NULL, NULL, NULL, NULL, NULL, NULL, NULL, NULL, NULL, NULL, NULL, NULL, NULL, NULL, 126, NULL, 'off', 'off', 'off', 'off', 'off', 'off', 'off', 'off', 'off', 'off', 'off'),
	(77, NULL, NULL, NULL, 3126.0000, NULL, NULL, NULL, NULL, NULL, NULL, NULL, NULL, NULL, 0.0000, NULL, 126, NULL, 'off', 'off', 'off', 'off', 'off', 'off', 'off', 'off', 'off', 'off', 'off'),
	(78, NULL, NULL, NULL, NULL, NULL, NULL, NULL, NULL, NULL, NULL, NULL, NULL, NULL, NULL, NULL, 126, NULL, 'off', 'off', 'off', 'off', 'off', 'off', 'off', 'off', 'off', 'off', 'off'),
	(79, NULL, NULL, NULL, 6252.0000, NULL, NULL, NULL, NULL, NULL, NULL, NULL, NULL, NULL, 0.0000, NULL, 126, NULL, 'off', 'off', 'off', 'off', 'off', 'off', 'off', 'off', 'off', 'off', 'off'),
	(80, NULL, NULL, NULL, NULL, NULL, NULL, NULL, NULL, NULL, NULL, NULL, NULL, NULL, NULL, NULL, 126, NULL, 'off', 'off', 'off', 'off', 'off', 'off', 'off', 'off', 'off', 'off', 'off'),
	(81, NULL, NULL, NULL, NULL, NULL, NULL, NULL, NULL, NULL, NULL, NULL, NULL, NULL, NULL, NULL, 126, NULL, 'off', 'off', 'off', 'off', 'off', 'off', 'off', 'off', 'off', 'off', 'off');

-- Дамп данных таблицы billmgr.pricelist: ~71 rows (приблизительно)
DELETE FROM `pricelist`;
INSERT INTO `pricelist` (`id`, `orderpriority`, `name`, `project`, `itemtype`, `description`, `description_markdown`, `billtype`, `billhourly`, `changepolicy`, `changeprolongpolicy`, `billdaily`, `billprorata`, `prorataday`, `active`, `intname`, `opennotify`, `show_addon_image`, `orderimage`, `license`, `trial`, `pricelist_group`, `access`, `addontype`, `measure`, `parent`, `addonlimit`, `addonlimittrial`, `addonstep`, `addonmax`, `addonmaxtrial`, `addonmin`, `enumeration`, `enumerationitem`, `addonbool`, `minperiodtype`, `minperiodlen`, `addonstattype`, `addonstatcomparison`, `addonstatcalculation`, `addonstatchargestoped`, `requery_phone`, `suspendperiod`, `suspendpenaltytype`, `suspendpenaltypercent`, `alignexpenseamount`, `isgroup`, `manualname`, `compound`, `note`, `itemmax`, `trial_itemmax`, `allow_multiple_order`, `max_multiple_order_count`, `allownosuitable`, `restrictclientchange`, `siteinfo`, `orderpolicy`, `returnpolicy`, `manualprocessing`, `manualprocessing_skipdefault`, `nostopholidays`, `scaletype`, `remoteid`, `label`, `allowpostpaid`, `processing_feature`, `chargestoped`, `autocalcday`, `summarizeinvoice`, `forcecontractprint`, `roundtype`, `quickorder`, `selecttype`, `price_on_request`, `price_request_form`, `endoflifedate`, `archived`, `name_lt`, `name_ru`, `name_ua`, `description_lt`, `description_ru`, `description_ua`, `description_markdown_lt`, `description_markdown_ru`, `description_markdown_ua`) VALUES
	(13, 11, NULL, 1, 84, NULL, NULL, NULL, 'off', 0, 0, 'off', 'off', 15, 'off', 'e', NULL, NULL, NULL, NULL, NULL, NULL, NULL, NULL, NULL, NULL, NULL, NULL, NULL, NULL, NULL, NULL, NULL, NULL, 'off', 0, NULL, NULL, NULL, NULL, 'off', 'off', NULL, 0, NULL, 'off', 'off', 'off', NULL, NULL, NULL, NULL, 'off', 1, 'off', 'off', NULL, 0, 0, 'off', 'off', NULL, NULL, NULL, NULL, 'off', NULL, 'on', 'off', 'off', 'off', 0, 'off', 'dropdown', 'off', NULL, NULL, 'on', NULL, 'dgdgdf', NULL, NULL, NULL, NULL, NULL, NULL, NULL),
	(14, 1, NULL, NULL, 85, NULL, NULL, 3, 'off', NULL, 0, 'off', 'off', 15, 'on', 'in out', NULL, NULL, NULL, NULL, NULL, NULL, NULL, 2, 4, 13, 5120, NULL, 1, 10240, NULL, NULL, NULL, NULL, 'off', NULL, NULL, NULL, NULL, NULL, 'off', 'off', NULL, 0, NULL, 'off', 'off', 'off', NULL, NULL, NULL, NULL, 'off', 1, 'off', 'off', NULL, 0, 0, 'off', 'off', NULL, NULL, NULL, NULL, 'off', NULL, 'on', 'off', 'off', 'off', 0, 'off', 'dropdown', 'off', NULL, NULL, 'off', NULL, NULL, NULL, NULL, NULL, NULL, NULL, NULL, NULL),
	(15, 2, NULL, NULL, 90, NULL, NULL, 2, 'off', NULL, 0, 'off', 'off', 15, 'on', 'disk disc', NULL, NULL, NULL, NULL, NULL, NULL, NULL, 2, 1, 13, 1024, NULL, 512, 10240, NULL, NULL, NULL, NULL, 'off', NULL, NULL, NULL, NULL, NULL, 'off', 'off', NULL, 0, NULL, 'off', 'off', 'off', NULL, NULL, NULL, NULL, 'off', 1, 'off', 'off', NULL, 0, 0, 'off', 'off', NULL, NULL, NULL, NULL, 'off', NULL, 'on', 'off', 'off', 'off', 0, 'off', 'dropdown', 'off', NULL, NULL, 'off', NULL, NULL, NULL, NULL, NULL, NULL, NULL, NULL, NULL),
	(16, 3, NULL, NULL, 91, NULL, NULL, 2, 'off', NULL, 0, 'off', 'off', 15, 'on', '', NULL, NULL, NULL, NULL, NULL, NULL, NULL, 2, 7, 13, 10, NULL, 10, 100, NULL, NULL, NULL, NULL, 'off', NULL, NULL, NULL, NULL, NULL, 'off', 'off', NULL, 0, NULL, 'off', 'off', 'off', NULL, NULL, NULL, NULL, 'off', 1, 'off', 'off', NULL, 0, 0, 'off', 'off', NULL, NULL, NULL, NULL, 'off', NULL, 'on', 'off', 'off', 'off', 0, 'off', 'dropdown', 'off', NULL, NULL, 'off', NULL, NULL, NULL, NULL, NULL, NULL, NULL, NULL, NULL),
	(18, 14, 'VDS', 1, 133, NULL, NULL, NULL, 'on', 2, 0, 'on', 'off', 15, 'off', 'VDS', NULL, 'on', NULL, 14, NULL, NULL, NULL, NULL, NULL, NULL, NULL, NULL, NULL, NULL, NULL, NULL, NULL, NULL, 'off', 0, NULL, NULL, NULL, NULL, 'off', 'off', NULL, 0, NULL, 'off', 'off', 'off', NULL, NULL, NULL, NULL, 'off', 1, 'off', 'off', NULL, 1, 1, 'off', 'off', 'on', NULL, NULL, NULL, 'off', NULL, 'on', 'off', 'off', 'off', 0, 'off', 'dropdown', 'off', NULL, NULL, 'on', NULL, 'VDS', NULL, NULL, NULL, NULL, NULL, NULL, NULL),
	(19, 13, 'Vena', 2, 133, NULL, NULL, NULL, 'off', NULL, 0, 'off', 'off', 15, 'off', NULL, NULL, NULL, NULL, NULL, NULL, NULL, NULL, NULL, NULL, NULL, NULL, NULL, NULL, NULL, NULL, NULL, NULL, NULL, 'off', NULL, NULL, NULL, NULL, NULL, 'off', 'off', NULL, 0, NULL, 'off', 'on', 'off', NULL, NULL, NULL, NULL, 'off', 1, 'off', 'off', NULL, 0, 0, 'off', 'off', NULL, NULL, NULL, NULL, 'off', NULL, 'on', 'off', 'off', 'off', 0, 'off', 'dropdown', 'off', NULL, NULL, 'off', NULL, 'Вена', NULL, NULL, NULL, NULL, NULL, NULL, NULL),
	(20, NULL, 'VIEs-1', 2, 133, NULL, '**__localname__** - 1 Ядро / 2GB RAM / 30GB NVME / 1Гбит/сек', NULL, 'off', 0, 0, 'off', 'off', 15, 'on', 'VIEs-1', NULL, NULL, NULL, NULL, NULL, 19, NULL, NULL, NULL, NULL, NULL, NULL, NULL, NULL, NULL, NULL, NULL, NULL, 'off', 1, 1, NULL, NULL, NULL, 'off', 'off', NULL, 0, NULL, 'off', 'off', 'off', NULL, NULL, 10, NULL, 'off', 1, 'off', 'off', NULL, 0, 0, 'off', 'off', NULL, NULL, NULL, NULL, 'off', NULL, 'on', 'off', 'off', 'off', 0, 'off', 'dropdown', 'off', NULL, NULL, 'off', NULL, 'VIEs-1', NULL, NULL, NULL, NULL, NULL, '**__localname__** - 1 Ядро / 2GB RAM / 30GB NVME / 1Гбит/сек', NULL),
	(21, NULL, 'HELs-1', 2, 133, NULL, '**__localname__** - 1 Ядро / 2GB RAM / 30GB NVME / 1Гбит/сек', NULL, 'off', 0, 0, 'off', 'off', 15, 'on', 'HELs-1', NULL, NULL, NULL, 14, NULL, 85, NULL, NULL, NULL, NULL, NULL, NULL, NULL, NULL, NULL, NULL, NULL, NULL, 'off', 1, 1, NULL, NULL, NULL, 'off', 'off', NULL, 0, NULL, 'off', 'off', 'off', NULL, NULL, 10, NULL, 'off', 1, 'off', 'off', NULL, 0, 0, 'off', 'off', NULL, NULL, NULL, NULL, 'off', NULL, 'on', 'off', 'off', 'off', 0, 'off', 'dropdown', 'off', NULL, NULL, 'off', NULL, 'HELs-1', NULL, NULL, NULL, NULL, NULL, '**__localname__** - 1 Ядро / 2GB RAM / 30GB NVME / 1Гбит/сек', NULL),
	(22, 1, NULL, NULL, 134, NULL, NULL, 1, 'off', NULL, 0, 'off', 'off', 15, 'on', 'product', NULL, NULL, NULL, NULL, NULL, NULL, NULL, 2, 7, 21, 978, NULL, NULL, NULL, NULL, NULL, NULL, NULL, 'off', NULL, NULL, NULL, NULL, NULL, 'off', 'off', NULL, 0, NULL, 'off', 'off', 'off', NULL, NULL, NULL, NULL, 'off', 1, 'off', 'off', NULL, 0, 0, 'off', 'off', NULL, NULL, NULL, NULL, 'off', NULL, 'on', 'off', 'off', 'off', 0, 'off', 'dropdown', 'off', NULL, NULL, 'off', NULL, NULL, NULL, NULL, NULL, NULL, NULL, NULL, NULL),
	(23, NULL, 'HELs-2', 2, 133, NULL, '**__localname__** - 2 Ядро / 4GB RAM / 60GB NVME / 1Гбит/сек', NULL, 'off', 0, 0, 'off', 'off', 15, 'on', 'HELs-2', NULL, NULL, NULL, 14, NULL, 85, NULL, NULL, NULL, NULL, NULL, NULL, NULL, NULL, NULL, NULL, NULL, NULL, 'off', 1, 1, NULL, NULL, NULL, 'off', 'off', NULL, 0, NULL, 'off', 'off', 'off', NULL, NULL, 10, NULL, 'off', 1, 'off', 'off', NULL, 0, 0, 'off', 'off', NULL, NULL, NULL, NULL, 'off', NULL, 'on', 'off', 'off', 'off', 0, 'off', 'dropdown', 'off', NULL, NULL, 'off', NULL, 'HELs-2', NULL, NULL, NULL, NULL, NULL, '**__localname__** - 2 Ядро / 4GB RAM / 60GB NVME / 1Гбит/сек', NULL),
	(24, 1, NULL, NULL, 134, NULL, NULL, 1, 'off', NULL, 0, 'off', 'off', 15, 'on', 'product', NULL, NULL, NULL, NULL, NULL, NULL, NULL, 2, 7, 23, 979, NULL, NULL, NULL, NULL, NULL, NULL, NULL, 'off', NULL, NULL, NULL, NULL, NULL, 'off', 'off', NULL, 0, NULL, 'off', 'off', 'off', NULL, NULL, NULL, NULL, 'off', 1, 'off', 'off', NULL, 0, 0, 'off', 'off', NULL, NULL, NULL, NULL, 'off', NULL, 'on', 'off', 'off', 'off', 0, 'off', 'dropdown', 'off', NULL, NULL, 'off', NULL, NULL, NULL, NULL, NULL, NULL, NULL, NULL, NULL),
	(25, NULL, 'HELs-3', 2, 133, NULL, '**__localname__** - 4 Ядро / 8GB RAM / 120GB NVME / 1Гбит/сек', NULL, 'off', 0, 0, 'off', 'off', 15, 'on', 'HELs-3', NULL, NULL, NULL, 14, NULL, 85, NULL, NULL, NULL, NULL, NULL, NULL, NULL, NULL, NULL, NULL, NULL, NULL, 'off', 1, 1, NULL, NULL, NULL, 'off', 'off', NULL, 0, NULL, 'off', 'off', 'off', NULL, NULL, 10, NULL, 'off', 1, 'off', 'off', NULL, 0, 0, 'off', 'off', NULL, NULL, NULL, NULL, 'off', NULL, 'on', 'off', 'off', 'off', 0, 'off', 'dropdown', 'off', NULL, NULL, 'off', NULL, 'HELs-3', NULL, NULL, NULL, NULL, NULL, '**__localname__** - 4 Ядро / 8GB RAM / 120GB NVME / 1Гбит/сек', NULL),
	(26, 1, NULL, NULL, 134, NULL, NULL, 1, 'off', NULL, 0, 'off', 'off', 15, 'on', 'product', NULL, NULL, NULL, NULL, NULL, NULL, NULL, 2, 7, 25, 980, NULL, NULL, NULL, NULL, NULL, NULL, NULL, 'off', NULL, NULL, NULL, NULL, NULL, 'off', 'off', NULL, 0, NULL, 'off', 'off', 'off', NULL, NULL, NULL, NULL, 'off', 1, 'off', 'off', NULL, 0, 0, 'off', 'off', NULL, NULL, NULL, NULL, 'off', NULL, 'on', 'off', 'off', 'off', 0, 'off', 'dropdown', 'off', NULL, NULL, 'off', NULL, NULL, NULL, NULL, NULL, NULL, NULL, NULL, NULL),
	(27, NULL, 'HELs-4', 2, 133, NULL, '**__localname__** - 8 Ядро / 16GB RAM / 240GB NVME / 1Гбит/сек', NULL, 'off', 0, 0, 'off', 'off', 15, 'on', 'HELs-4', NULL, NULL, NULL, 14, NULL, 85, NULL, NULL, NULL, NULL, NULL, NULL, NULL, NULL, NULL, NULL, NULL, NULL, 'off', 1, 1, NULL, NULL, NULL, 'off', 'off', NULL, 0, NULL, 'off', 'off', 'off', NULL, NULL, 10, NULL, 'off', 1, 'off', 'off', NULL, 0, 0, 'off', 'off', NULL, NULL, NULL, NULL, 'off', NULL, 'on', 'off', 'off', 'off', 0, 'off', 'dropdown', 'off', NULL, NULL, 'off', NULL, 'HELs-4', NULL, NULL, NULL, NULL, NULL, '**__localname__** - 8 Ядро / 16GB RAM / 240GB NVME / 1Гбит/сек', NULL),
	(28, 1, NULL, NULL, 134, NULL, NULL, 1, 'off', NULL, 0, 'off', 'off', 15, 'on', 'product', NULL, NULL, NULL, NULL, NULL, NULL, NULL, 2, 7, 27, 981, NULL, NULL, NULL, NULL, NULL, NULL, NULL, 'off', NULL, NULL, NULL, NULL, NULL, 'off', 'off', NULL, 0, NULL, 'off', 'off', 'off', NULL, NULL, NULL, NULL, 'off', 1, 'off', 'off', NULL, 0, 0, 'off', 'off', NULL, NULL, NULL, NULL, 'off', NULL, 'on', 'off', 'off', 'off', 0, 'off', 'dropdown', 'off', NULL, NULL, 'off', NULL, NULL, NULL, NULL, NULL, NULL, NULL, NULL, NULL),
	(29, NULL, 'HELs-5', 2, 133, NULL, '**__localname__** - 16 Ядро / 32GB RAM / 480GB NVME / 1Гбит/сек', NULL, 'off', 0, 0, 'off', 'off', 15, 'on', 'HELs-5', NULL, NULL, NULL, 14, NULL, 85, NULL, NULL, NULL, NULL, NULL, NULL, NULL, NULL, NULL, NULL, NULL, NULL, 'off', 1, 1, NULL, NULL, NULL, 'off', 'off', NULL, 0, NULL, 'off', 'off', 'off', NULL, NULL, 10, NULL, 'off', 1, 'off', 'off', NULL, 0, 0, 'off', 'off', NULL, NULL, NULL, NULL, 'off', NULL, 'on', 'off', 'off', 'off', 0, 'off', 'dropdown', 'off', NULL, NULL, 'off', NULL, 'HELs-5', NULL, NULL, NULL, NULL, NULL, '**__localname__** - 16 Ядро / 32GB RAM / 480GB NVME / 1Гбит/сек', NULL),
	(30, 1, NULL, NULL, 134, NULL, NULL, 1, 'off', NULL, 0, 'off', 'off', 15, 'on', 'product', NULL, NULL, NULL, NULL, NULL, NULL, NULL, 2, 7, 29, 982, NULL, NULL, NULL, NULL, NULL, NULL, NULL, 'off', NULL, NULL, NULL, NULL, NULL, 'off', 'off', NULL, 0, NULL, 'off', 'off', 'off', NULL, NULL, NULL, NULL, 'off', 1, 'off', 'off', NULL, 0, 0, 'off', 'off', NULL, NULL, NULL, NULL, 'off', NULL, 'on', 'off', 'off', 'off', 0, 'off', 'dropdown', 'off', NULL, NULL, 'off', NULL, NULL, NULL, NULL, NULL, NULL, NULL, NULL, NULL),
	(31, NULL, 'EPs-1', 2, 133, NULL, '**__localname__** - 1 Ядро / 2GB RAM / 30GB NVME / 1Гбит/сек', NULL, 'off', 0, 0, 'off', 'off', 15, 'on', 'EPs-1', NULL, NULL, NULL, 14, NULL, 86, NULL, NULL, NULL, NULL, NULL, NULL, NULL, NULL, NULL, NULL, NULL, NULL, 'off', 1, 1, NULL, NULL, NULL, 'off', 'off', NULL, 0, NULL, 'off', 'off', 'off', NULL, NULL, 10, NULL, 'off', 1, 'off', 'off', NULL, 0, 0, 'off', 'off', NULL, NULL, NULL, NULL, 'off', NULL, 'on', 'off', 'off', 'off', 0, 'off', 'dropdown', 'off', NULL, NULL, 'off', NULL, 'EPs-1', NULL, NULL, NULL, NULL, NULL, '**__localname__** - 1 Ядро / 2GB RAM / 30GB NVME / 1Гбит/сек', NULL),
	(32, 1, NULL, NULL, 134, NULL, NULL, 1, 'off', NULL, 0, 'off', 'off', 15, 'on', 'product', NULL, NULL, NULL, NULL, NULL, NULL, NULL, 2, 7, 31, 3, NULL, NULL, NULL, NULL, NULL, NULL, NULL, 'off', NULL, NULL, NULL, NULL, NULL, 'off', 'off', NULL, 0, NULL, 'off', 'off', 'off', NULL, NULL, NULL, NULL, 'off', 1, 'off', 'off', NULL, 0, 0, 'off', 'off', NULL, NULL, NULL, NULL, 'off', NULL, 'on', 'off', 'off', 'off', 0, 'off', 'dropdown', 'off', NULL, NULL, 'off', NULL, NULL, NULL, NULL, NULL, NULL, NULL, NULL, NULL),
	(33, NULL, 'EPs-2', 2, 133, NULL, '**__localname__** - 2 Ядро / 4GB RAM / 60GB NVME / 1Гбит/сек', NULL, 'off', 0, 0, 'off', 'off', 15, 'on', 'EPs-2', NULL, NULL, NULL, 14, NULL, 86, NULL, NULL, NULL, NULL, NULL, NULL, NULL, NULL, NULL, NULL, NULL, NULL, 'off', 1, 1, NULL, NULL, NULL, 'off', 'off', NULL, 0, NULL, 'off', 'off', 'off', NULL, NULL, 10, NULL, 'off', 1, 'off', 'off', NULL, 0, 0, 'off', 'off', NULL, NULL, NULL, NULL, 'off', NULL, 'on', 'off', 'off', 'off', 0, 'off', 'dropdown', 'off', NULL, NULL, 'off', NULL, 'EPs-2', NULL, NULL, NULL, NULL, NULL, '**__localname__** - 2 Ядро / 4GB RAM / 60GB NVME / 1Гбит/сек', NULL),
	(34, 1, NULL, NULL, 134, NULL, NULL, 1, 'off', NULL, 0, 'off', 'off', 15, 'on', 'product', NULL, NULL, NULL, NULL, NULL, NULL, NULL, 2, 7, 33, 4, NULL, NULL, NULL, NULL, NULL, NULL, NULL, 'off', NULL, NULL, NULL, NULL, NULL, 'off', 'off', NULL, 0, NULL, 'off', 'off', 'off', NULL, NULL, NULL, NULL, 'off', 1, 'off', 'off', NULL, 0, 0, 'off', 'off', NULL, NULL, NULL, NULL, 'off', NULL, 'on', 'off', 'off', 'off', 0, 'off', 'dropdown', 'off', NULL, NULL, 'off', NULL, NULL, NULL, NULL, NULL, NULL, NULL, NULL, NULL),
	(35, NULL, 'EPs-3', 2, 133, NULL, '**__localname__** - 4 Ядро / 8GB RAM / 120GB NVME / 1Гбит/сек', NULL, 'off', 0, 0, 'off', 'off', 15, 'on', 'EPs-3', NULL, NULL, NULL, 14, NULL, 86, NULL, NULL, NULL, NULL, NULL, NULL, NULL, NULL, NULL, NULL, NULL, NULL, 'off', 1, 1, NULL, NULL, NULL, 'off', 'off', NULL, 0, NULL, 'off', 'off', 'off', NULL, NULL, 10, NULL, 'off', 1, 'off', 'off', NULL, 0, 0, 'off', 'off', NULL, NULL, NULL, NULL, 'off', NULL, 'on', 'off', 'off', 'off', 0, 'off', 'dropdown', 'off', NULL, NULL, 'off', NULL, 'EPs-3', NULL, NULL, NULL, NULL, NULL, '**__localname__** - 4 Ядро / 8GB RAM / 120GB NVME / 1Гбит/сек', NULL),
	(36, 1, NULL, NULL, 134, NULL, NULL, 1, 'off', NULL, 0, 'off', 'off', 15, 'on', 'product', NULL, NULL, NULL, NULL, NULL, NULL, NULL, 2, 7, 35, 9, NULL, NULL, NULL, NULL, NULL, NULL, NULL, 'off', NULL, NULL, NULL, NULL, NULL, 'off', 'off', NULL, 0, NULL, 'off', 'off', 'off', NULL, NULL, NULL, NULL, 'off', 1, 'off', 'off', NULL, 0, 0, 'off', 'off', NULL, NULL, NULL, NULL, 'off', NULL, 'on', 'off', 'off', 'off', 0, 'off', 'dropdown', 'off', NULL, NULL, 'off', NULL, NULL, NULL, NULL, NULL, NULL, NULL, NULL, NULL),
	(37, NULL, 'EPs-4', 2, 133, NULL, '**__localname__** - 8 Ядро / 16GB RAM / 240GB NVME / 1Гбит/сек', NULL, 'off', 0, 0, 'off', 'off', 15, 'on', 'EPs-4', NULL, NULL, NULL, 14, NULL, 86, NULL, NULL, NULL, NULL, NULL, NULL, NULL, NULL, NULL, NULL, NULL, NULL, 'off', 1, 1, NULL, NULL, NULL, 'off', 'off', NULL, 0, NULL, 'off', 'off', 'off', NULL, NULL, 10, NULL, 'off', 1, 'off', 'off', NULL, 0, 0, 'off', 'off', NULL, NULL, NULL, NULL, 'off', NULL, 'on', 'off', 'off', 'off', 0, 'off', 'dropdown', 'off', NULL, NULL, 'off', NULL, 'EPs-4', NULL, NULL, NULL, NULL, NULL, '**__localname__** - 8 Ядро / 16GB RAM / 240GB NVME / 1Гбит/сек', NULL),
	(38, 1, NULL, NULL, 134, NULL, NULL, 1, 'off', NULL, 0, 'off', 'off', 15, 'on', 'product', NULL, NULL, NULL, NULL, NULL, NULL, NULL, 2, 7, 37, 10, NULL, NULL, NULL, NULL, NULL, NULL, NULL, 'off', NULL, NULL, NULL, NULL, NULL, 'off', 'off', NULL, 0, NULL, 'off', 'off', 'off', NULL, NULL, NULL, NULL, 'off', 1, 'off', 'off', NULL, 0, 0, 'off', 'off', NULL, NULL, NULL, NULL, 'off', NULL, 'on', 'off', 'off', 'off', 0, 'off', 'dropdown', 'off', NULL, NULL, 'off', NULL, NULL, NULL, NULL, NULL, NULL, NULL, NULL, NULL),
	(39, NULL, 'EPs-5', 2, 133, NULL, '**__localname__** - 16 Ядро / 32GB RAM / 480GB NVME / 1Гбит/сек', NULL, 'off', 0, 0, 'off', 'off', 15, 'on', 'EPs-5', NULL, NULL, NULL, 14, NULL, 86, NULL, NULL, NULL, NULL, NULL, NULL, NULL, NULL, NULL, NULL, NULL, NULL, 'off', 1, 1, NULL, NULL, NULL, 'off', 'off', NULL, 0, NULL, 'off', 'off', 'off', NULL, NULL, 10, NULL, 'off', 1, 'off', 'off', NULL, 0, 0, 'off', 'off', NULL, NULL, NULL, NULL, 'off', NULL, 'on', 'off', 'off', 'off', 0, 'off', 'dropdown', 'off', NULL, NULL, 'off', NULL, 'EPs-5', NULL, NULL, NULL, NULL, NULL, '**__localname__** - 16 Ядро / 32GB RAM / 480GB NVME / 1Гбит/сек', NULL),
	(40, 1, NULL, NULL, 134, NULL, NULL, 1, 'off', NULL, 0, 'off', 'off', 15, 'on', 'product', NULL, NULL, NULL, NULL, NULL, NULL, NULL, 2, 7, 39, 11, NULL, NULL, NULL, NULL, NULL, NULL, NULL, 'off', NULL, NULL, NULL, NULL, NULL, 'off', 'off', NULL, 0, NULL, 'off', 'off', 'off', NULL, NULL, NULL, NULL, 'off', 1, 'off', 'off', NULL, 0, 0, 'off', 'off', NULL, NULL, NULL, NULL, 'off', NULL, 'on', 'off', 'off', 'off', 0, 'off', 'dropdown', 'off', NULL, NULL, 'off', NULL, NULL, NULL, NULL, NULL, NULL, NULL, NULL, NULL),
	(41, NULL, 'SWEs-1', 2, 133, NULL, '**__localname__** - 1 Ядро / 2GB RAM / 30GB NVME / 1Гбит/сек', NULL, 'off', 0, 0, 'off', 'off', 15, 'on', 'SWEs-1', NULL, NULL, NULL, 14, NULL, 84, NULL, NULL, NULL, NULL, NULL, NULL, NULL, NULL, NULL, NULL, NULL, NULL, 'off', 1, 1, NULL, NULL, NULL, 'off', 'off', NULL, 0, NULL, 'off', 'off', 'off', NULL, NULL, 10, NULL, 'off', 1, 'off', 'off', NULL, 0, 0, 'off', 'off', NULL, NULL, NULL, NULL, 'off', NULL, 'on', 'off', 'off', 'off', 0, 'off', 'dropdown', 'off', NULL, NULL, 'off', NULL, 'SWEs-1', NULL, NULL, NULL, NULL, NULL, '**__localname__** - 1 Ядро / 2GB RAM / 30GB NVME / 1Гбит/сек', NULL),
	(42, 1, NULL, NULL, 134, NULL, NULL, 1, 'off', NULL, 0, 'off', 'off', 15, 'on', 'product', NULL, NULL, NULL, NULL, NULL, NULL, NULL, 2, 7, 41, 1063, NULL, NULL, NULL, NULL, NULL, NULL, NULL, 'off', NULL, NULL, NULL, NULL, NULL, 'off', 'off', NULL, 0, NULL, 'off', 'off', 'off', NULL, NULL, NULL, NULL, 'off', 1, 'off', 'off', NULL, 0, 0, 'off', 'off', NULL, NULL, NULL, NULL, 'off', NULL, 'on', 'off', 'off', 'off', 0, 'off', 'dropdown', 'off', NULL, NULL, 'off', NULL, NULL, NULL, NULL, NULL, NULL, NULL, NULL, NULL),
	(43, NULL, 'SWEs-2', 2, 133, NULL, '**__localname__** - 2 Ядро / 4GB RAM / 60GB NVME / 1Гбит/сек', NULL, 'off', 0, 0, 'off', 'off', 15, 'on', 'SWEs-2', NULL, NULL, NULL, 14, NULL, 84, NULL, NULL, NULL, NULL, NULL, NULL, NULL, NULL, NULL, NULL, NULL, NULL, 'off', 1, 1, NULL, NULL, NULL, 'off', 'off', NULL, 0, NULL, 'off', 'off', 'off', NULL, NULL, 10, NULL, 'off', 1, 'off', 'off', NULL, 0, 0, 'off', 'off', NULL, NULL, NULL, NULL, 'off', NULL, 'on', 'off', 'off', 'off', 0, 'off', 'dropdown', 'off', NULL, NULL, 'off', NULL, 'SWEs-2', NULL, NULL, NULL, NULL, NULL, '**__localname__** - 2 Ядро / 4GB RAM / 60GB NVME / 1Гбит/сек', NULL),
	(44, 1, NULL, NULL, 134, NULL, NULL, 1, 'off', NULL, 0, 'off', 'off', 15, 'on', 'product', NULL, NULL, NULL, NULL, NULL, NULL, NULL, 2, 7, 43, 1062, NULL, NULL, NULL, NULL, NULL, NULL, NULL, 'off', NULL, NULL, NULL, NULL, NULL, 'off', 'off', NULL, 0, NULL, 'off', 'off', 'off', NULL, NULL, NULL, NULL, 'off', 1, 'off', 'off', NULL, 0, 0, 'off', 'off', NULL, NULL, NULL, NULL, 'off', NULL, 'on', 'off', 'off', 'off', 0, 'off', 'dropdown', 'off', NULL, NULL, 'off', NULL, NULL, NULL, NULL, NULL, NULL, NULL, NULL, NULL),
	(45, NULL, 'SWEs-3', 2, 133, NULL, '**__localname__** - 4 Ядро / 8GB RAM / 120GB NVME / 1Гбит/сек', NULL, 'off', 0, 0, 'off', 'off', 15, 'on', 'SWEs-3', NULL, NULL, NULL, 14, NULL, 84, NULL, NULL, NULL, NULL, NULL, NULL, NULL, NULL, NULL, NULL, NULL, NULL, 'off', 1, 1, NULL, NULL, NULL, 'off', 'off', NULL, 0, NULL, 'off', 'off', 'off', NULL, NULL, 10, NULL, 'off', 1, 'off', 'off', NULL, 0, 0, 'off', 'off', NULL, NULL, NULL, NULL, 'off', NULL, 'on', 'off', 'off', 'off', 0, 'off', 'dropdown', 'off', NULL, NULL, 'off', NULL, 'SWEs-3', NULL, NULL, NULL, NULL, NULL, '**__localname__** - 4 Ядро / 8GB RAM / 120GB NVME / 1Гбит/сек', NULL),
	(46, 1, NULL, NULL, 134, NULL, NULL, 1, 'off', NULL, 0, 'off', 'off', 15, 'on', 'product', NULL, NULL, NULL, NULL, NULL, NULL, NULL, 2, 7, 45, 1061, NULL, NULL, NULL, NULL, NULL, NULL, NULL, 'off', NULL, NULL, NULL, NULL, NULL, 'off', 'off', NULL, 0, NULL, 'off', 'off', 'off', NULL, NULL, NULL, NULL, 'off', 1, 'off', 'off', NULL, 0, 0, 'off', 'off', NULL, NULL, NULL, NULL, 'off', NULL, 'on', 'off', 'off', 'off', 0, 'off', 'dropdown', 'off', NULL, NULL, 'off', NULL, NULL, NULL, NULL, NULL, NULL, NULL, NULL, NULL),
	(47, NULL, 'SWEs-4', 2, 133, NULL, '**__localname__** - 8 Ядро / 16GB RAM / 240GB NVME / 1Гбит/сек', NULL, 'off', 0, 0, 'off', 'off', 15, 'on', 'SWEs-4', NULL, NULL, NULL, 14, NULL, 84, NULL, NULL, NULL, NULL, NULL, NULL, NULL, NULL, NULL, NULL, NULL, NULL, 'off', 1, 1, NULL, NULL, NULL, 'off', 'off', NULL, 0, NULL, 'off', 'off', 'off', NULL, NULL, 10, NULL, 'off', 1, 'off', 'off', NULL, 0, 0, 'off', 'off', NULL, NULL, NULL, NULL, 'off', NULL, 'on', 'off', 'off', 'off', 0, 'off', 'dropdown', 'off', NULL, NULL, 'off', NULL, 'SWEs-4', NULL, NULL, NULL, NULL, NULL, '**__localname__** - 8 Ядро / 16GB RAM / 240GB NVME / 1Гбит/сек', NULL),
	(48, 1, NULL, NULL, 134, NULL, NULL, 1, 'off', NULL, 0, 'off', 'off', 15, 'on', 'product', NULL, NULL, NULL, NULL, NULL, NULL, NULL, 2, 7, 47, 1060, NULL, NULL, NULL, NULL, NULL, NULL, NULL, 'off', NULL, NULL, NULL, NULL, NULL, 'off', 'off', NULL, 0, NULL, 'off', 'off', 'off', NULL, NULL, NULL, NULL, 'off', 1, 'off', 'off', NULL, 0, 0, 'off', 'off', NULL, NULL, NULL, NULL, 'off', NULL, 'on', 'off', 'off', 'off', 0, 'off', 'dropdown', 'off', NULL, NULL, 'off', NULL, NULL, NULL, NULL, NULL, NULL, NULL, NULL, NULL),
	(49, NULL, 'SWEs-5', 2, 133, NULL, '**__localname__** - 16 Ядро / 32GB RAM / 480GB NVME / 1Гбит/сек', NULL, 'off', 0, 0, 'off', 'off', 15, 'on', 'SWEs-5', NULL, NULL, NULL, 14, NULL, 84, NULL, NULL, NULL, NULL, NULL, NULL, NULL, NULL, NULL, NULL, NULL, NULL, 'off', 1, 1, NULL, NULL, NULL, 'off', 'off', NULL, 0, NULL, 'off', 'off', 'off', NULL, NULL, 10, NULL, 'off', 1, 'off', 'off', NULL, 0, 0, 'off', 'off', NULL, NULL, NULL, NULL, 'off', NULL, 'on', 'off', 'off', 'off', 0, 'off', 'dropdown', 'off', NULL, NULL, 'off', NULL, 'SWEs-5', NULL, NULL, NULL, NULL, NULL, '**__localname__** - 16 Ядро / 32GB RAM / 480GB NVME / 1Гбит/сек', NULL),
	(50, 1, NULL, NULL, 134, NULL, NULL, 1, 'off', NULL, 0, 'off', 'off', 15, 'on', 'product', NULL, NULL, NULL, NULL, NULL, NULL, NULL, 2, 7, 49, 1059, NULL, NULL, NULL, NULL, NULL, NULL, NULL, 'off', NULL, NULL, NULL, NULL, NULL, 'off', 'off', NULL, 0, NULL, 'off', 'off', 'off', NULL, NULL, NULL, NULL, 'off', 1, 'off', 'off', NULL, 0, 0, 'off', 'off', NULL, NULL, NULL, NULL, 'off', NULL, 'on', 'off', 'off', 'off', 0, 'off', 'dropdown', 'off', NULL, NULL, 'off', NULL, NULL, NULL, NULL, NULL, NULL, NULL, NULL, NULL),
	(51, NULL, 'NLs-1', 2, 133, NULL, '**__localname__** - 1 Ядро / 2GB RAM / 30GB NVME / 1Гбит/сек', NULL, 'off', 0, 0, 'off', 'off', 15, 'on', 'NLs-1', NULL, NULL, NULL, 14, NULL, 82, NULL, NULL, NULL, NULL, NULL, NULL, NULL, NULL, NULL, NULL, NULL, NULL, 'off', 1, 1, NULL, NULL, NULL, 'off', 'off', NULL, 0, NULL, 'off', 'off', 'off', NULL, NULL, 10, NULL, 'off', 1, 'off', 'off', NULL, 0, 0, 'off', 'off', NULL, NULL, NULL, NULL, 'off', NULL, 'on', 'off', 'off', 'off', 0, 'off', 'dropdown', 'off', NULL, NULL, 'off', NULL, 'NLs-1', NULL, NULL, NULL, NULL, NULL, '**__localname__** - 1 Ядро / 2GB RAM / 30GB NVME / 1Гбит/сек', NULL),
	(52, 1, NULL, NULL, 134, NULL, NULL, 1, 'off', NULL, 0, 'off', 'off', 15, 'on', 'product', NULL, NULL, NULL, NULL, NULL, NULL, NULL, 2, 7, 51, 951, NULL, NULL, NULL, NULL, NULL, NULL, NULL, 'off', NULL, NULL, NULL, NULL, NULL, 'off', 'off', NULL, 0, NULL, 'off', 'off', 'off', NULL, NULL, NULL, NULL, 'off', 1, 'off', 'off', NULL, 0, 0, 'off', 'off', NULL, NULL, NULL, NULL, 'off', NULL, 'on', 'off', 'off', 'off', 0, 'off', 'dropdown', 'off', NULL, NULL, 'off', NULL, NULL, NULL, NULL, NULL, NULL, NULL, NULL, NULL),
	(53, NULL, 'NLs-2', 2, 133, NULL, '**__localname__** - 2 Ядро / 4GB RAM / 60GB NVME / 1Гбит/сек', NULL, 'off', 0, 0, 'off', 'off', 15, 'on', 'NLs-2', NULL, NULL, NULL, 14, NULL, 82, NULL, NULL, NULL, NULL, NULL, NULL, NULL, NULL, NULL, NULL, NULL, NULL, 'off', 1, 1, NULL, NULL, NULL, 'off', 'off', NULL, 0, NULL, 'off', 'off', 'off', NULL, NULL, 10, NULL, 'off', 1, 'off', 'off', NULL, 0, 0, 'off', 'off', NULL, NULL, NULL, NULL, 'off', NULL, 'on', 'off', 'off', 'off', 0, 'off', 'dropdown', 'off', NULL, NULL, 'off', NULL, 'NLs-2', NULL, NULL, NULL, NULL, NULL, '**__localname__** - 2 Ядро / 4GB RAM / 60GB NVME / 1Гбит/сек', NULL),
	(54, 1, NULL, NULL, 134, NULL, NULL, 1, 'off', NULL, 0, 'off', 'off', 15, 'on', 'product', NULL, NULL, NULL, NULL, NULL, NULL, NULL, 2, 7, 53, 950, NULL, NULL, NULL, NULL, NULL, NULL, NULL, 'off', NULL, NULL, NULL, NULL, NULL, 'off', 'off', NULL, 0, NULL, 'off', 'off', 'off', NULL, NULL, NULL, NULL, 'off', 1, 'off', 'off', NULL, 0, 0, 'off', 'off', NULL, NULL, NULL, NULL, 'off', NULL, 'on', 'off', 'off', 'off', 0, 'off', 'dropdown', 'off', NULL, NULL, 'off', NULL, NULL, NULL, NULL, NULL, NULL, NULL, NULL, NULL),
	(55, NULL, 'NLs-3', 2, 133, NULL, '**__localname__** - 1 Ядро / 2GB RAM / 30GB NVME / 1Гбит/сек', NULL, 'off', 0, 0, 'off', 'off', 15, 'on', 'NLs-3', NULL, NULL, NULL, 14, NULL, 82, NULL, NULL, NULL, NULL, NULL, NULL, NULL, NULL, NULL, NULL, NULL, NULL, 'off', 1, 1, NULL, NULL, NULL, 'off', 'off', NULL, 0, NULL, 'off', 'off', 'off', NULL, NULL, 10, NULL, 'off', 1, 'off', 'off', NULL, 0, 0, 'off', 'off', NULL, NULL, NULL, NULL, 'off', NULL, 'on', 'off', 'off', 'off', 0, 'off', 'dropdown', 'off', NULL, NULL, 'off', NULL, 'NLs-3', NULL, NULL, NULL, NULL, NULL, '**__localname__** - 1 Ядро / 2GB RAM / 30GB NVME / 1Гбит/сек', NULL),
	(56, 1, NULL, NULL, 134, NULL, NULL, 1, 'off', NULL, 0, 'off', 'off', 15, 'on', 'product', NULL, NULL, NULL, NULL, NULL, NULL, NULL, 2, 7, 55, 949, NULL, NULL, NULL, NULL, NULL, NULL, NULL, 'off', NULL, NULL, NULL, NULL, NULL, 'off', 'off', NULL, 0, NULL, 'off', 'off', 'off', NULL, NULL, NULL, NULL, 'off', 1, 'off', 'off', NULL, 0, 0, 'off', 'off', NULL, NULL, NULL, NULL, 'off', NULL, 'on', 'off', 'off', 'off', 0, 'off', 'dropdown', 'off', NULL, NULL, 'off', NULL, NULL, NULL, NULL, NULL, NULL, NULL, NULL, NULL),
	(57, NULL, 'NLs-4', 2, 133, NULL, '**__localname__** - 8 Ядро / 16GB RAM / 240GB NVME / 1Гбит/сек', NULL, 'off', 0, 0, 'off', 'off', 15, 'on', 'NLs-4', NULL, NULL, NULL, 14, NULL, 82, NULL, NULL, NULL, NULL, NULL, NULL, NULL, NULL, NULL, NULL, NULL, NULL, 'off', 1, 1, NULL, NULL, NULL, 'off', 'off', NULL, 0, NULL, 'off', 'off', 'off', NULL, NULL, 10, NULL, 'off', 1, 'off', 'off', NULL, 0, 0, 'off', 'off', NULL, NULL, NULL, NULL, 'off', NULL, 'on', 'off', 'off', 'off', 0, 'off', 'dropdown', 'off', NULL, NULL, 'off', NULL, 'NLs-4', NULL, NULL, NULL, NULL, NULL, '**__localname__** - 8 Ядро / 16GB RAM / 240GB NVME / 1Гбит/сек', NULL),
	(58, 1, NULL, NULL, 134, NULL, NULL, 1, 'off', NULL, 0, 'off', 'off', 15, 'on', 'product', NULL, NULL, NULL, NULL, NULL, NULL, NULL, 2, 7, 57, 948, NULL, NULL, NULL, NULL, NULL, NULL, NULL, 'off', NULL, NULL, NULL, NULL, NULL, 'off', 'off', NULL, 0, NULL, 'off', 'off', 'off', NULL, NULL, NULL, NULL, 'off', 1, 'off', 'off', NULL, 0, 0, 'off', 'off', NULL, NULL, NULL, NULL, 'off', NULL, 'on', 'off', 'off', 'off', 0, 'off', 'dropdown', 'off', NULL, NULL, 'off', NULL, NULL, NULL, NULL, NULL, NULL, NULL, NULL, NULL),
	(59, NULL, 'NLs-5', 2, 133, NULL, '**__localname__** - 16 Ядро / 32GB RAM / 480GB NVME / 1Гбит/сек', NULL, 'off', 0, 0, 'off', 'off', 15, 'on', 'NLs-5', NULL, NULL, NULL, 14, NULL, 82, NULL, NULL, NULL, NULL, NULL, NULL, NULL, NULL, NULL, NULL, NULL, NULL, 'off', 1, 1, NULL, NULL, NULL, 'off', 'off', NULL, 0, NULL, 'off', 'off', 'off', NULL, NULL, 10, NULL, 'off', 1, 'off', 'off', NULL, 0, 0, 'off', 'off', NULL, NULL, NULL, NULL, 'off', NULL, 'on', 'off', 'off', 'off', 0, 'off', 'dropdown', 'off', NULL, NULL, 'off', NULL, 'NLs-5', NULL, NULL, NULL, NULL, NULL, '**__localname__** - 16 Ядро / 32GB RAM / 480GB NVME / 1Гбит/сек', NULL),
	(60, 1, NULL, NULL, 134, NULL, NULL, 1, 'off', NULL, 0, 'off', 'off', 15, 'on', 'product', NULL, NULL, NULL, NULL, NULL, NULL, NULL, 2, 7, 59, 947, NULL, NULL, NULL, NULL, NULL, NULL, NULL, 'off', NULL, NULL, NULL, NULL, NULL, 'off', 'off', NULL, 0, NULL, 'off', 'off', 'off', NULL, NULL, NULL, NULL, 'off', 1, 'off', 'off', NULL, 0, 0, 'off', 'off', NULL, NULL, NULL, NULL, 'off', NULL, 'on', 'off', 'off', 'off', 0, 'off', 'dropdown', 'off', NULL, NULL, 'off', NULL, NULL, NULL, NULL, NULL, NULL, NULL, NULL, NULL),
	(61, NULL, 'VIEs-2', 2, 133, NULL, '**__localname__** - 2 Ядро / 4GB RAM / 60GB NVME / 1Гбит/сек', NULL, 'off', 0, 0, 'off', 'off', 15, 'on', 'VIEs-2', NULL, NULL, NULL, 14, NULL, 19, NULL, NULL, NULL, NULL, NULL, NULL, NULL, NULL, NULL, NULL, NULL, NULL, 'off', 1, 1, NULL, NULL, NULL, 'off', 'off', NULL, 0, NULL, 'off', 'off', 'off', NULL, NULL, 10, NULL, 'off', 1, 'off', 'off', NULL, 0, 0, 'off', 'off', NULL, NULL, NULL, NULL, 'off', NULL, 'on', 'off', 'off', 'off', 0, 'off', 'dropdown', 'off', NULL, NULL, 'off', NULL, 'VIEs-2', NULL, NULL, NULL, NULL, NULL, '**__localname__** - 2 Ядро / 4GB RAM / 60GB NVME / 1Гбит/сек', NULL),
	(62, 1, NULL, NULL, 134, NULL, NULL, 1, 'off', NULL, 0, 'off', 'off', 15, 'on', 'product', NULL, NULL, NULL, NULL, NULL, NULL, NULL, 2, 7, 61, 848, NULL, NULL, NULL, NULL, NULL, NULL, NULL, 'off', NULL, NULL, NULL, NULL, NULL, 'off', 'off', NULL, 0, NULL, 'off', 'off', 'off', NULL, NULL, NULL, NULL, 'off', 1, 'off', 'off', NULL, 0, 0, 'off', 'off', NULL, NULL, NULL, NULL, 'off', NULL, 'on', 'off', 'off', 'off', 0, 'off', 'dropdown', 'off', NULL, NULL, 'off', NULL, NULL, NULL, NULL, NULL, NULL, NULL, NULL, NULL),
	(63, NULL, 'VIEs-3', 2, 133, NULL, '**__localname__** - 4 Ядро / 8GB RAM / 120GB NVME / 1Гбит/сек', NULL, 'off', 0, 0, 'off', 'off', 15, 'on', 'VIEs-3', NULL, NULL, NULL, 14, NULL, 19, NULL, NULL, NULL, NULL, NULL, NULL, NULL, NULL, NULL, NULL, NULL, NULL, 'off', 1, 1, NULL, NULL, NULL, 'off', 'off', NULL, 0, NULL, 'off', 'off', 'off', NULL, NULL, 10, NULL, 'off', 1, 'off', 'off', NULL, 0, 0, 'off', 'off', NULL, NULL, NULL, NULL, 'off', NULL, 'on', 'off', 'off', 'off', 0, 'off', 'dropdown', 'off', NULL, NULL, 'off', NULL, 'VIEs-3', NULL, NULL, NULL, NULL, NULL, '**__localname__** - 4 Ядро / 8GB RAM / 120GB NVME / 1Гбит/сек', NULL),
	(64, 1, NULL, NULL, 134, NULL, NULL, 1, 'off', NULL, 0, 'off', 'off', 15, 'on', 'product', NULL, NULL, NULL, NULL, NULL, NULL, NULL, 2, 7, 63, 849, NULL, NULL, NULL, NULL, NULL, NULL, NULL, 'off', NULL, NULL, NULL, NULL, NULL, 'off', 'off', NULL, 0, NULL, 'off', 'off', 'off', NULL, NULL, NULL, NULL, 'off', 1, 'off', 'off', NULL, 0, 0, 'off', 'off', NULL, NULL, NULL, NULL, 'off', NULL, 'on', 'off', 'off', 'off', 0, 'off', 'dropdown', 'off', NULL, NULL, 'off', NULL, NULL, NULL, NULL, NULL, NULL, NULL, NULL, NULL),
	(65, NULL, 'VIEs-4', 2, 133, NULL, '**__localname__** - 8 Ядро / 16GB RAM / 240GB NVME / 1Гбит/сек', NULL, 'off', 0, 0, 'off', 'off', 15, 'on', 'VIEs-4', NULL, NULL, NULL, 14, NULL, 19, NULL, NULL, NULL, NULL, NULL, NULL, NULL, NULL, NULL, NULL, NULL, NULL, 'off', 1, 1, NULL, NULL, NULL, 'off', 'off', NULL, 0, NULL, 'off', 'off', 'off', NULL, NULL, 10, NULL, 'off', 1, 'off', 'off', NULL, 0, 0, 'off', 'off', NULL, NULL, NULL, NULL, 'off', NULL, 'on', 'off', 'off', 'off', 0, 'off', 'dropdown', 'off', NULL, NULL, 'off', NULL, 'VIEs-4', NULL, NULL, NULL, NULL, NULL, '**__localname__** - 8 Ядро / 16GB RAM / 240GB NVME / 1Гбит/сек', NULL),
	(66, 1, NULL, NULL, 134, NULL, NULL, 1, 'off', NULL, 0, 'off', 'off', 15, 'on', 'product', NULL, NULL, NULL, NULL, NULL, NULL, NULL, 2, 7, 65, 850, NULL, NULL, NULL, NULL, NULL, NULL, NULL, 'off', NULL, NULL, NULL, NULL, NULL, 'off', 'off', NULL, 0, NULL, 'off', 'off', 'off', NULL, NULL, NULL, NULL, 'off', 1, 'off', 'off', NULL, 0, 0, 'off', 'off', NULL, NULL, NULL, NULL, 'off', NULL, 'on', 'off', 'off', 'off', 0, 'off', 'dropdown', 'off', NULL, NULL, 'off', NULL, NULL, NULL, NULL, NULL, NULL, NULL, NULL, NULL),
	(67, NULL, 'VIEs-5', 2, 133, NULL, '**__localname__** - 16 Ядро / 32GB RAM / 480GB NVME / 1Гбит/сек', NULL, 'off', 0, 0, 'off', 'off', 15, 'on', 'VIEs-5', NULL, NULL, NULL, 14, NULL, 19, NULL, NULL, NULL, NULL, NULL, NULL, NULL, NULL, NULL, NULL, NULL, NULL, 'off', 1, 1, NULL, NULL, NULL, 'off', 'off', NULL, 0, NULL, 'off', 'off', 'off', NULL, NULL, 10, NULL, 'off', 1, 'off', 'off', NULL, 0, 0, 'off', 'off', NULL, NULL, NULL, NULL, 'off', NULL, 'on', 'off', 'off', 'off', 0, 'off', 'dropdown', 'off', NULL, NULL, 'off', NULL, 'VIEs-5', NULL, NULL, NULL, NULL, NULL, '**__localname__** - 16 Ядро / 32GB RAM / 480GB NVME / 1Гбит/сек', NULL),
	(68, 1, NULL, NULL, 134, NULL, NULL, 1, 'off', NULL, 0, 'off', 'off', 15, 'on', 'product', NULL, NULL, NULL, NULL, NULL, NULL, NULL, 2, 7, 67, 851, NULL, NULL, NULL, NULL, NULL, NULL, NULL, 'off', NULL, NULL, NULL, NULL, NULL, 'off', 'off', NULL, 0, NULL, 'off', 'off', 'off', NULL, NULL, NULL, NULL, 'off', 1, 'off', 'off', NULL, 0, 0, 'off', 'off', NULL, NULL, NULL, NULL, 'off', NULL, 'on', 'off', 'off', 'off', 0, 'off', 'dropdown', 'off', NULL, NULL, 'off', NULL, NULL, NULL, NULL, NULL, NULL, NULL, NULL, NULL),
	(69, NULL, 'DEs-1', 2, 133, NULL, '**__localname__** - 1 Ядро / 2GB RAM / 30GB NVME / 1Гбит/сек', NULL, 'off', 0, 0, 'off', 'off', 15, 'on', 'DEs-1', NULL, NULL, NULL, 14, NULL, 81, NULL, NULL, NULL, NULL, NULL, NULL, NULL, NULL, NULL, NULL, NULL, NULL, 'off', 1, 1, NULL, NULL, NULL, 'off', 'off', NULL, 0, NULL, 'off', 'off', 'off', NULL, NULL, 10, NULL, 'off', 1, 'off', 'off', NULL, 0, 0, 'off', 'off', NULL, NULL, NULL, NULL, 'off', NULL, 'on', 'off', 'off', 'off', 0, 'off', 'dropdown', 'off', NULL, NULL, 'off', NULL, 'DEs-1', NULL, NULL, NULL, NULL, NULL, '**__localname__** - 1 Ядро / 2GB RAM / 30GB NVME / 1Гбит/сек', NULL),
	(70, 1, NULL, NULL, 134, NULL, NULL, 1, 'off', NULL, 0, 'off', 'off', 15, 'on', 'product', NULL, NULL, NULL, NULL, NULL, NULL, NULL, 2, 7, 69, 869, NULL, NULL, NULL, NULL, NULL, NULL, NULL, 'off', NULL, NULL, NULL, NULL, NULL, 'off', 'off', NULL, 0, NULL, 'off', 'off', 'off', NULL, NULL, NULL, NULL, 'off', 1, 'off', 'off', NULL, 0, 0, 'off', 'off', NULL, NULL, NULL, NULL, 'off', NULL, 'on', 'off', 'off', 'off', 0, 'off', 'dropdown', 'off', NULL, NULL, 'off', NULL, NULL, NULL, NULL, NULL, NULL, NULL, NULL, NULL),
	(71, NULL, 'DEs-2', 2, 133, NULL, '**__localname__** - 2 Ядро / 4GB RAM / 60GB NVME / 1Гбит/сек', NULL, 'off', 0, 0, 'off', 'off', 15, 'on', 'DEs-2', NULL, NULL, NULL, 14, NULL, 81, NULL, NULL, NULL, NULL, NULL, NULL, NULL, NULL, NULL, NULL, NULL, NULL, 'off', 1, 1, NULL, NULL, NULL, 'off', 'off', NULL, 0, NULL, 'off', 'off', 'off', NULL, NULL, 10, NULL, 'off', 1, 'off', 'off', NULL, 0, 0, 'off', 'off', NULL, NULL, NULL, NULL, 'off', NULL, 'on', 'off', 'off', 'off', 0, 'off', 'dropdown', 'off', NULL, NULL, 'off', NULL, 'DEs-2', NULL, NULL, NULL, NULL, NULL, '**__localname__** - 2 Ядро / 4GB RAM / 60GB NVME / 1Гбит/сек', NULL),
	(72, 1, NULL, NULL, 134, NULL, NULL, 1, 'off', NULL, 0, 'off', 'off', 15, 'on', 'product', NULL, NULL, NULL, NULL, NULL, NULL, NULL, 2, 7, 71, 870, NULL, NULL, NULL, NULL, NULL, NULL, NULL, 'off', NULL, NULL, NULL, NULL, NULL, 'off', 'off', NULL, 0, NULL, 'off', 'off', 'off', NULL, NULL, NULL, NULL, 'off', 1, 'off', 'off', NULL, 0, 0, 'off', 'off', NULL, NULL, NULL, NULL, 'off', NULL, 'on', 'off', 'off', 'off', 0, 'off', 'dropdown', 'off', NULL, NULL, 'off', NULL, NULL, NULL, NULL, NULL, NULL, NULL, NULL, NULL),
	(73, NULL, 'DEs-3', 2, 133, NULL, '**__localname__** - 4 Ядро / 8GB RAM / 120GB NVME / 1Гбит/сек', NULL, 'off', 0, 0, 'off', 'off', 15, 'on', 'DEs-3', NULL, NULL, NULL, 14, NULL, 81, NULL, NULL, NULL, NULL, NULL, NULL, NULL, NULL, NULL, NULL, NULL, NULL, 'off', 1, 1, NULL, NULL, NULL, 'off', 'off', NULL, 0, NULL, 'off', 'off', 'off', NULL, NULL, 10, NULL, 'off', 1, 'off', 'off', NULL, 0, 0, 'off', 'off', NULL, NULL, NULL, NULL, 'off', NULL, 'on', 'off', 'off', 'off', 0, 'off', 'dropdown', 'off', NULL, NULL, 'off', NULL, 'DEs-3', NULL, NULL, NULL, NULL, NULL, '**__localname__** - 4 Ядро / 8GB RAM / 120GB NVME / 1Гбит/сек', NULL),
	(74, 1, NULL, NULL, 134, NULL, NULL, 1, 'off', NULL, 0, 'off', 'off', 15, 'on', 'product', NULL, NULL, NULL, NULL, NULL, NULL, NULL, 2, 7, 73, 871, NULL, NULL, NULL, NULL, NULL, NULL, NULL, 'off', NULL, NULL, NULL, NULL, NULL, 'off', 'off', NULL, 0, NULL, 'off', 'off', 'off', NULL, NULL, NULL, NULL, 'off', 1, 'off', 'off', NULL, 0, 0, 'off', 'off', NULL, NULL, NULL, NULL, 'off', NULL, 'on', 'off', 'off', 'off', 0, 'off', 'dropdown', 'off', NULL, NULL, 'off', NULL, NULL, NULL, NULL, NULL, NULL, NULL, NULL, NULL),
	(75, NULL, 'DEs-4', 2, 133, NULL, '**__localname__** - 8 Ядро / 16GB RAM / 240GB NVME / 1Гбит/сек', NULL, 'off', 0, 0, 'off', 'off', 15, 'on', 'DEs-4', NULL, NULL, NULL, 14, NULL, 81, NULL, NULL, NULL, NULL, NULL, NULL, NULL, NULL, NULL, NULL, NULL, NULL, 'off', 1, 1, NULL, NULL, NULL, 'off', 'off', NULL, 0, NULL, 'off', 'off', 'off', NULL, NULL, 10, NULL, 'off', 1, 'off', 'off', NULL, 0, 0, 'off', 'off', NULL, NULL, NULL, NULL, 'off', NULL, 'on', 'off', 'off', 'off', 0, 'off', 'dropdown', 'off', NULL, NULL, 'off', NULL, 'DEs-4', NULL, NULL, NULL, NULL, NULL, '**__localname__** - 8 Ядро / 16GB RAM / 240GB NVME / 1Гбит/сек', NULL),
	(76, 1, NULL, NULL, 134, NULL, NULL, 1, 'off', NULL, 0, 'off', 'off', 15, 'on', 'product', NULL, NULL, NULL, NULL, NULL, NULL, NULL, 2, 7, 75, 872, NULL, NULL, NULL, NULL, NULL, NULL, NULL, 'off', NULL, NULL, NULL, NULL, NULL, 'off', 'off', NULL, 0, NULL, 'off', 'off', 'off', NULL, NULL, NULL, NULL, 'off', 1, 'off', 'off', NULL, 0, 0, 'off', 'off', NULL, NULL, NULL, NULL, 'off', NULL, 'on', 'off', 'off', 'off', 0, 'off', 'dropdown', 'off', NULL, NULL, 'off', NULL, NULL, NULL, NULL, NULL, NULL, NULL, NULL, NULL),
	(77, NULL, 'DEs-5', 2, 133, NULL, '**__localname__** - 16 Ядро / 32GB RAM / 480GB NVME / 1Гбит/сек', NULL, 'off', 0, 0, 'off', 'off', 15, 'on', 'DEs-5', NULL, NULL, NULL, 14, NULL, 81, NULL, NULL, NULL, NULL, NULL, NULL, NULL, NULL, NULL, NULL, NULL, NULL, 'off', 1, 1, NULL, NULL, NULL, 'off', 'off', NULL, 0, NULL, 'off', 'off', 'off', NULL, NULL, 10, NULL, 'off', 1, 'off', 'off', NULL, 0, 0, 'off', 'off', NULL, NULL, NULL, NULL, 'off', NULL, 'on', 'off', 'off', 'off', 0, 'off', 'dropdown', 'off', NULL, NULL, 'off', NULL, 'DEs-5', NULL, NULL, NULL, NULL, NULL, '**__localname__** - 16 Ядро / 32GB RAM / 480GB NVME / 1Гбит/сек', NULL),
	(78, 1, NULL, NULL, 134, NULL, NULL, 1, 'off', NULL, 0, 'off', 'off', 15, 'on', 'product', NULL, NULL, NULL, NULL, NULL, NULL, NULL, 2, 7, 77, 873, NULL, NULL, NULL, NULL, NULL, NULL, NULL, 'off', NULL, NULL, NULL, NULL, NULL, 'off', 'off', NULL, 0, NULL, 'off', 'off', 'off', NULL, NULL, NULL, NULL, 'off', 1, 'off', 'off', NULL, 0, 0, 'off', 'off', NULL, NULL, NULL, NULL, 'off', NULL, 'on', 'off', 'off', 'off', 0, 'off', 'dropdown', 'off', NULL, NULL, 'off', NULL, NULL, NULL, NULL, NULL, NULL, NULL, NULL, NULL),
	(79, 1, NULL, NULL, 134, NULL, NULL, 1, 'off', NULL, 0, 'off', 'off', 15, 'on', NULL, NULL, NULL, NULL, NULL, NULL, NULL, NULL, 2, 7, 20, 847, NULL, NULL, NULL, NULL, NULL, NULL, NULL, 'off', NULL, NULL, NULL, NULL, NULL, 'off', 'off', NULL, 0, NULL, 'off', 'off', 'off', NULL, NULL, NULL, NULL, 'off', 1, 'off', 'off', NULL, 0, 0, 'off', 'off', NULL, NULL, NULL, NULL, 'off', NULL, 'on', 'off', 'off', 'off', 0, 'off', 'dropdown', 'off', NULL, NULL, 'off', NULL, NULL, NULL, NULL, NULL, NULL, NULL, NULL, NULL),
	(81, 15, 'Фалькенштайн', 2, 133, NULL, NULL, NULL, 'off', NULL, 0, 'off', 'off', 15, 'off', NULL, NULL, NULL, NULL, NULL, NULL, NULL, NULL, NULL, NULL, NULL, NULL, NULL, NULL, NULL, NULL, NULL, NULL, NULL, 'off', NULL, NULL, NULL, NULL, NULL, 'off', 'off', NULL, 0, NULL, 'off', 'on', 'off', NULL, NULL, NULL, NULL, 'off', 1, 'off', 'off', NULL, 0, 0, 'off', 'off', NULL, NULL, NULL, NULL, 'off', NULL, 'on', 'off', 'off', 'off', 0, 'off', 'dropdown', 'off', NULL, NULL, 'off', NULL, 'Фалькенштайн', NULL, NULL, NULL, NULL, NULL, NULL, NULL),
	(82, 16, 'Амстердам', 2, 133, NULL, NULL, NULL, 'off', NULL, 0, 'off', 'off', 15, 'off', NULL, NULL, NULL, NULL, NULL, NULL, NULL, NULL, NULL, NULL, NULL, NULL, NULL, NULL, NULL, NULL, NULL, NULL, NULL, 'off', NULL, NULL, NULL, NULL, NULL, 'off', 'off', NULL, 0, NULL, 'off', 'on', 'off', NULL, NULL, NULL, NULL, 'off', 1, 'off', 'off', NULL, 0, 0, 'off', 'off', NULL, NULL, NULL, NULL, 'off', NULL, 'on', 'off', 'off', 'off', 0, 'off', 'dropdown', 'off', NULL, NULL, 'off', NULL, 'Амстердам', NULL, NULL, NULL, NULL, NULL, NULL, NULL),
	(84, 17, 'Стокгольм', 2, 133, NULL, NULL, NULL, 'off', NULL, 0, 'off', 'off', 15, 'off', NULL, NULL, NULL, NULL, NULL, NULL, NULL, NULL, NULL, NULL, NULL, NULL, NULL, NULL, NULL, NULL, NULL, NULL, NULL, 'off', NULL, NULL, NULL, NULL, NULL, 'off', 'off', NULL, 0, NULL, 'off', 'on', 'off', NULL, NULL, NULL, NULL, 'off', 1, 'off', 'off', NULL, 0, 0, 'off', 'off', NULL, NULL, NULL, NULL, 'off', NULL, 'on', 'off', 'off', 'off', 0, 'off', 'dropdown', 'off', NULL, NULL, 'off', NULL, 'Стокгольм', NULL, NULL, NULL, NULL, NULL, NULL, NULL),
	(85, 18, 'Хельсинки', 2, 133, NULL, NULL, NULL, 'off', NULL, 0, 'off', 'off', 15, 'off', NULL, NULL, NULL, NULL, NULL, NULL, NULL, NULL, NULL, NULL, NULL, NULL, NULL, NULL, NULL, NULL, NULL, NULL, NULL, 'off', NULL, NULL, NULL, NULL, NULL, 'off', 'off', NULL, 0, NULL, 'off', 'on', 'off', NULL, NULL, NULL, NULL, 'off', 1, 'off', 'off', NULL, 0, 0, 'off', 'off', NULL, NULL, NULL, NULL, 'off', NULL, 'on', 'off', 'off', 'off', 0, 'off', 'dropdown', 'off', NULL, NULL, 'off', NULL, 'Хельсинки', NULL, NULL, NULL, NULL, NULL, NULL, NULL),
	(86, 19, 'Москва', 2, 133, NULL, NULL, NULL, 'off', NULL, 0, 'off', 'off', 15, 'off', NULL, NULL, NULL, NULL, NULL, NULL, NULL, NULL, NULL, NULL, NULL, NULL, NULL, NULL, NULL, NULL, NULL, NULL, NULL, 'off', NULL, NULL, NULL, NULL, NULL, 'off', 'off', NULL, 0, NULL, 'off', 'on', 'off', NULL, NULL, NULL, NULL, 'off', 1, 'off', 'off', NULL, 0, 0, 'off', 'off', NULL, NULL, NULL, NULL, 'off', NULL, 'on', 'off', 'off', 'off', 0, 'off', 'dropdown', 'off', NULL, NULL, 'off', NULL, 'Москва', NULL, NULL, NULL, NULL, NULL, NULL, NULL);

-- Дамп данных таблицы billmgr.pricelist2orderpage: ~25 rows (приблизительно)
DELETE FROM `pricelist2orderpage`;
INSERT INTO `pricelist2orderpage` (`pricelist`, `orderpage`) VALUES
	(18, 19),
	(20, 19),
	(21, 21),
	(23, 19),
	(25, 19),
	(27, 19),
	(29, 19),
	(33, 19),
	(35, 19),
	(37, 19),
	(39, 19),
	(41, 19),
	(43, 19),
	(45, 19),
	(47, 19),
	(49, 19),
	(51, 19),
	(53, 19),
	(55, 19),
	(57, 19),
	(59, 19),
	(61, 19),
	(63, 19),
	(65, 19),
	(67, 19);

-- Дамп данных таблицы billmgr.pricelistparam: ~96 rows (приблизительно)
DELETE FROM `pricelistparam`;
INSERT INTO `pricelistparam` (`id`, `intname`, `pricelist`, `value`) VALUES
	(4, 'nameserver', 13, 'null'),
	(5, 'accessgroups', 13, ''),
	(6, 'denygroups', 13, ''),
	(7, 'accessgroups', 18, ''),
	(8, 'denygroups', 18, ''),
	(9, 'show_on_dashboard', 18, 'on'),
	(10, 'accessgroups', 20, 'Пользователь'),
	(11, 'denygroups', 20, ''),
	(12, 'accessgroups', 21, 'Пользователь'),
	(13, 'denygroups', 21, ''),
	(14, 'show_on_dashboard', 21, 'off'),
	(15, 'show_on_dashboard', 20, 'off'),
	(16, 'accessgroups', 23, ''),
	(17, 'denygroups', 23, ''),
	(18, 'show_on_dashboard', 23, 'off'),
	(19, 'accessgroups', 25, ''),
	(20, 'denygroups', 25, ''),
	(21, 'show_on_dashboard', 25, 'off'),
	(22, 'accessgroups', 27, ''),
	(23, 'denygroups', 27, ''),
	(24, 'show_on_dashboard', 27, 'off'),
	(25, 'accessgroups', 29, ''),
	(26, 'denygroups', 29, ''),
	(27, 'show_on_dashboard', 29, 'off'),
	(28, 'accessgroups', 31, ''),
	(29, 'denygroups', 31, ''),
	(30, 'show_on_dashboard', 31, 'on'),
	(31, 'accessgroups', 33, ''),
	(32, 'denygroups', 33, ''),
	(33, 'show_on_dashboard', 33, 'off'),
	(34, 'accessgroups', 35, ''),
	(35, 'denygroups', 35, ''),
	(36, 'show_on_dashboard', 35, 'off'),
	(37, 'accessgroups', 37, ''),
	(38, 'denygroups', 37, ''),
	(39, 'show_on_dashboard', 37, 'off'),
	(40, 'accessgroups', 39, ''),
	(41, 'denygroups', 39, ''),
	(42, 'show_on_dashboard', 39, 'off'),
	(43, 'accessgroups', 41, ''),
	(44, 'denygroups', 41, ''),
	(45, 'show_on_dashboard', 41, 'on'),
	(46, 'accessgroups', 43, ''),
	(47, 'denygroups', 43, ''),
	(48, 'show_on_dashboard', 43, 'off'),
	(49, 'accessgroups', 45, ''),
	(50, 'denygroups', 45, ''),
	(51, 'show_on_dashboard', 45, 'off'),
	(52, 'accessgroups', 47, ''),
	(53, 'denygroups', 47, ''),
	(54, 'show_on_dashboard', 47, 'off'),
	(55, 'accessgroups', 49, ''),
	(56, 'denygroups', 49, ''),
	(57, 'show_on_dashboard', 49, 'off'),
	(58, 'accessgroups', 51, ''),
	(59, 'denygroups', 51, ''),
	(60, 'show_on_dashboard', 51, 'on'),
	(61, 'accessgroups', 53, ''),
	(62, 'denygroups', 53, ''),
	(63, 'show_on_dashboard', 53, 'off'),
	(64, 'accessgroups', 55, ''),
	(65, 'denygroups', 55, ''),
	(66, 'show_on_dashboard', 55, 'off'),
	(67, 'accessgroups', 57, ''),
	(68, 'denygroups', 57, ''),
	(69, 'show_on_dashboard', 57, 'off'),
	(70, 'accessgroups', 59, ''),
	(71, 'denygroups', 59, ''),
	(72, 'show_on_dashboard', 59, 'off'),
	(73, 'accessgroups', 61, ''),
	(74, 'denygroups', 61, ''),
	(75, 'show_on_dashboard', 61, 'off'),
	(76, 'accessgroups', 63, ''),
	(77, 'denygroups', 63, ''),
	(78, 'show_on_dashboard', 63, 'off'),
	(79, 'accessgroups', 65, ''),
	(80, 'denygroups', 65, ''),
	(81, 'show_on_dashboard', 65, 'off'),
	(82, 'accessgroups', 67, ''),
	(83, 'denygroups', 67, ''),
	(84, 'show_on_dashboard', 67, 'off'),
	(85, 'accessgroups', 69, ''),
	(86, 'denygroups', 69, ''),
	(87, 'show_on_dashboard', 69, 'on'),
	(88, 'accessgroups', 71, ''),
	(89, 'denygroups', 71, ''),
	(90, 'show_on_dashboard', 71, 'off'),
	(91, 'accessgroups', 73, ''),
	(92, 'denygroups', 73, ''),
	(93, 'show_on_dashboard', 73, 'off'),
	(94, 'accessgroups', 75, ''),
	(95, 'denygroups', 75, ''),
	(96, 'show_on_dashboard', 75, 'off'),
	(97, 'accessgroups', 77, ''),
	(98, 'denygroups', 77, ''),
	(99, 'show_on_dashboard', 77, 'off');

-- Дамп данных таблицы billmgr.pricelistprice: ~65 rows (приблизительно)
DELETE FROM `pricelistprice`;
INSERT INTO `pricelistprice` (`pricelist`, `currency`, `price`) VALUES
	(13, 126, 14),
	(14, 126, 15),
	(15, 126, 16),
	(16, 126, 17),
	(18, 126, 19),
	(20, 126, 21),
	(21, 126, 22),
	(22, 126, 24),
	(23, 126, 25),
	(24, 126, 26),
	(25, 126, 27),
	(26, 126, 28),
	(27, 126, 29),
	(28, 126, 30),
	(29, 126, 31),
	(30, 126, 32),
	(31, 126, 33),
	(32, 126, 34),
	(33, 126, 35),
	(34, 126, 36),
	(35, 126, 37),
	(36, 126, 38),
	(37, 126, 39),
	(38, 126, 40),
	(39, 126, 41),
	(40, 126, 42),
	(41, 126, 43),
	(42, 126, 44),
	(43, 126, 45),
	(44, 126, 46),
	(45, 126, 47),
	(46, 126, 48),
	(47, 126, 49),
	(48, 126, 50),
	(49, 126, 51),
	(50, 126, 52),
	(51, 126, 53),
	(52, 126, 54),
	(53, 126, 55),
	(54, 126, 56),
	(55, 126, 57),
	(56, 126, 58),
	(57, 126, 59),
	(58, 126, 60),
	(59, 126, 61),
	(60, 126, 62),
	(61, 126, 63),
	(62, 126, 64),
	(63, 126, 65),
	(64, 126, 66),
	(65, 126, 67),
	(66, 126, 68),
	(67, 126, 69),
	(68, 126, 70),
	(69, 126, 71),
	(70, 126, 72),
	(71, 126, 73),
	(72, 126, 74),
	(73, 126, 75),
	(74, 126, 76),
	(75, 126, 77),
	(76, 126, 78),
	(77, 126, 79),
	(78, 126, 80),
	(79, 126, 81);

-- Дамп данных таблицы billmgr.processingmodule: ~3 rows (приблизительно)
DELETE FROM `processingmodule`;
INSERT INTO `processingmodule` (`id`, `orderpriority`, `name`, `module`, `ipmgr`, `laststatdate`, `config`, `datacenter`, `department`, `licserver`, `licserverprovider`, `active`, `ippool`, `failed`) VALUES
	(9, 2, 'vds', 'pmshellscripts', NULL, NULL, NULL, 1, 3, NULL, 'off', 'on', NULL, 'off');

-- Дамп данных таблицы billmgr.processingmodule2pricelist: ~30 rows (приблизительно)
DELETE FROM `processingmodule2pricelist`;
INSERT INTO `processingmodule2pricelist` (`processingmodule`, `pricelist`, `orderpriority`) VALUES
	(9, 20, NULL),
	(9, 21, NULL),
	(9, 23, NULL),
	(9, 25, NULL),
	(9, 27, NULL),
	(9, 29, NULL),
	(9, 31, NULL),
	(9, 33, NULL),
	(9, 35, NULL),
	(9, 37, NULL),
	(9, 39, NULL),
	(9, 41, NULL),
	(9, 43, NULL),
	(9, 45, NULL),
	(9, 47, NULL),
	(9, 49, NULL),
	(9, 51, NULL),
	(9, 53, NULL),
	(9, 55, NULL),
	(9, 57, NULL),
	(9, 59, NULL),
	(9, 61, NULL),
	(9, 63, NULL),
	(9, 65, NULL),
	(9, 67, NULL),
	(9, 69, NULL),
	(9, 71, NULL),
	(9, 73, NULL),
	(9, 75, NULL),
	(9, 77, NULL);

-- Дамп данных таблицы billmgr.processingparam: ~8 rows (приблизительно)
DELETE FROM `processingparam`;
INSERT INTO `processingparam` (`id`, `intname`, `processingmodule`, `value`) VALUES
	(18, 'ip', 9, 'localhost'),
	(19, 'scriptspath', 9, 'shell'),
	(20, 'param1', 10, ''),
	(21, 'paramN', 10, ''),
	(22, 'customparam1', 10, ''),
	(23, 'param1', 11, ''),
	(24, 'paramN', 11, ''),
	(25, 'customparam1', 11, '');

-- Дамп данных таблицы billmgr.project: ~3 rows (приблизительно)
DELETE FROM `project`;
INSERT INTO `project` (`id`, `name`, `account`, `requery_phone`, `subaccountgentype`, `site`, `billurl`, `clienthelp`, `ga_counter`, `ga_userid`, `ga_type`, `ga_trial`, `ym_counter`, `support_require`, `support_over_limit`, `taxexclusive`, `taxcustompay`, `country_default`, `state_default`, `notifyemail`, `supportemail`, `supportphone`, `supportphonedesc`, `theme`, `recaptcha_type`, `recaptcha_publickey`, `recaptcha_privatekey`, `recaptcha_auth_type`, `recaptcha_auth_publickey`, `recaptcha_auth_privatekey`, `recaptcha_auth_excluded_ips`, `disable_banner`, `disable_orion`, `smallimg`, `active`, `ticket_message_ratelimit`, `brand`, `supportphone_lt`, `supportphone_ru`, `supportphone_ua`, `supportphonedesc_lt`, `supportphonedesc_ru`, `supportphonedesc_ua`) VALUES
	(2, 'AEZA', 1, 'off', NULL, NULL, 'https://79.137.248.83/billmgr', NULL, NULL, 'off', NULL, 'off', NULL, 'off', 'off', 'off', 'on', 182, NULL, 'admin@admin.admin', NULL, NULL, NULL, 'dragon,orion,z-mobile', 0, NULL, NULL, 0, NULL, NULL, NULL, 'off', 'off', NULL, 'on', NULL, NULL, NULL, NULL, NULL, NULL, NULL, NULL);

INSERT INTO `project2currency` (`project`, `currency`, `projectdefault`) VALUES
	(2, 126, 'on');

/*!40103 SET TIME_ZONE=IFNULL(@OLD_TIME_ZONE, 'system') */;
/*!40101 SET SQL_MODE=IFNULL(@OLD_SQL_MODE, '') */;
/*!40014 SET FOREIGN_KEY_CHECKS=IFNULL(@OLD_FOREIGN_KEY_CHECKS, 1) */;
/*!40101 SET CHARACTER_SET_CLIENT=@OLD_CHARACTER_SET_CLIENT */;
/*!40111 SET SQL_NOTES=IFNULL(@OLD_SQL_NOTES, 1) */;
